編號,交易日期,交易時段
1,2015/1/5,一般
2,2015/1/6,一般
3,2015/1/7,一般
4,2015/1/8,一般
5,2015/1/9,一般
6,2015/1/12,一般
7,2015/1/13,一般
8,2015/1/14,一般
9,2015/1/15,一般
10,2015/1/16,一般
11,2015/1/19,一般
12,2015/1/20,一般
13,2015/1/21,一般
14,2015/1/22,一般
15,2015/1/23,一般
16,2015/1/26,一般
17,2015/1/27,一般
18,2015/1/28,一般
19,2015/1/29,一般
20,2015/1/30,一般
21,2015/2/2,一般
22,2015/2/3,一般
23,2015/2/4,一般
24,2015/2/5,一般
25,2015/2/6,一般
26,2015/2/9,一般
27,2015/2/10,一般
28,2015/2/11,一般
29,2015/2/12,一般
30,2015/2/13,一般
31,2015/2/24,一般
32,2015/2/25,一般
33,2015/2/26,一般
34,2015/3/2,一般
35,2015/3/3,一般
36,2015/3/4,一般
37,2015/3/5,一般
38,2015/3/6,一般
39,2015/3/9,一般
40,2015/3/10,一般
41,2015/3/11,一般
42,2015/3/12,一般
43,2015/3/13,一般
44,2015/3/16,一般
45,2015/3/17,一般
46,2015/3/18,一般
47,2015/3/19,一般
48,2015/3/20,一般
49,2015/3/23,一般
50,2015/3/24,一般
51,2015/3/25,一般
52,2015/3/26,一般
53,2015/3/27,一般
54,2015/3/30,一般
55,2015/3/31,一般
56,2015/4/1,一般
57,2015/4/2,一般
58,2015/4/7,一般
59,2015/4/8,一般
60,2015/4/9,一般
61,2015/4/10,一般
62,2015/4/13,一般
63,2015/4/14,一般
64,2015/4/15,一般
65,2015/4/16,一般
66,2015/4/17,一般
67,2015/4/20,一般
68,2015/4/21,一般
69,2015/4/22,一般
70,2015/4/23,一般
71,2015/4/24,一般
72,2015/4/27,一般
73,2015/4/28,一般
74,2015/4/29,一般
75,2015/4/30,一般
76,2015/5/4,一般
77,2015/5/5,一般
78,2015/5/6,一般
79,2015/5/7,一般
80,2015/5/8,一般
81,2015/5/11,一般
82,2015/5/12,一般
83,2015/5/13,一般
84,2015/5/14,一般
85,2015/5/15,一般
86,2015/5/18,一般
87,2015/5/19,一般
88,2015/5/20,一般
89,2015/5/21,一般
90,2015/5/22,一般
91,2015/5/25,一般
92,2015/5/26,一般
93,2015/5/27,一般
94,2015/5/28,一般
95,2015/5/29,一般
96,2015/6/1,一般
97,2015/6/2,一般
98,2015/6/3,一般
99,2015/6/4,一般
100,2015/6/5,一般
101,2015/6/8,一般
102,2015/6/9,一般
103,2015/6/10,一般
104,2015/6/11,一般
105,2015/6/12,一般
106,2015/6/15,一般
107,2015/6/16,一般
108,2015/6/17,一般
109,2015/6/18,一般
110,2015/6/22,一般
111,2015/6/23,一般
112,2015/6/24,一般
113,2015/6/25,一般
114,2015/6/26,一般
115,2015/6/29,一般
116,2015/6/30,一般
117,2015/7/1,一般
118,2015/7/2,一般
119,2015/7/3,一般
120,2015/7/6,一般
121,2015/7/7,一般
122,2015/7/8,一般
123,2015/7/9,一般
124,2015/7/13,一般
125,2015/7/14,一般
126,2015/7/15,一般
127,2015/7/16,一般
128,2015/7/17,一般
129,2015/7/20,一般
130,2015/7/21,一般
131,2015/7/22,一般
132,2015/7/23,一般
133,2015/7/24,一般
134,2015/7/27,一般
135,2015/7/28,一般
136,2015/7/29,一般
137,2015/7/30,一般
138,2015/7/31,一般
139,2015/8/3,一般
140,2015/8/4,一般
141,2015/8/5,一般
142,2015/8/6,一般
143,2015/8/7,一般
144,2015/8/10,一般
145,2015/8/11,一般
146,2015/8/12,一般
147,2015/8/13,一般
148,2015/8/14,一般
149,2015/8/17,一般
150,2015/8/18,一般
151,2015/8/19,一般
152,2015/8/20,一般
153,2015/8/21,一般
154,2015/8/24,一般
155,2015/8/25,一般
156,2015/8/26,一般
157,2015/8/27,一般
158,2015/8/28,一般
159,2015/8/31,一般
160,2015/9/1,一般
161,2015/9/2,一般
162,2015/9/3,一般
163,2015/9/4,一般
164,2015/9/7,一般
165,2015/9/8,一般
166,2015/9/9,一般
167,2015/9/10,一般
168,2015/9/11,一般
169,2015/9/14,一般
170,2015/9/15,一般
171,2015/9/16,一般
172,2015/9/17,一般
173,2015/9/18,一般
174,2015/9/21,一般
175,2015/9/22,一般
176,2015/9/23,一般
177,2015/9/24,一般
178,2015/9/25,一般
179,2015/9/30,一般
180,2015/10/1,一般
181,2015/10/2,一般
182,2015/10/5,一般
183,2015/10/6,一般
184,2015/10/7,一般
185,2015/10/8,一般
186,2015/10/12,一般
187,2015/10/13,一般
188,2015/10/14,一般
189,2015/10/15,一般
190,2015/10/16,一般
191,2015/10/19,一般
192,2015/10/20,一般
193,2015/10/21,一般
194,2015/10/22,一般
195,2015/10/23,一般
196,2015/10/26,一般
197,2015/10/27,一般
198,2015/10/28,一般
199,2015/10/29,一般
200,2015/10/30,一般
201,2015/11/2,一般
202,2015/11/3,一般
203,2015/11/4,一般
204,2015/11/5,一般
205,2015/11/6,一般
206,2015/11/9,一般
207,2015/11/10,一般
208,2015/11/11,一般
209,2015/11/12,一般
210,2015/11/13,一般
211,2015/11/16,一般
212,2015/11/17,一般
213,2015/11/18,一般
214,2015/11/19,一般
215,2015/11/20,一般
216,2015/11/23,一般
217,2015/11/24,一般
218,2015/11/25,一般
219,2015/11/26,一般
220,2015/11/27,一般
221,2015/11/30,一般
222,2015/12/1,一般
223,2015/12/2,一般
224,2015/12/3,一般
225,2015/12/4,一般
226,2015/12/7,一般
227,2015/12/8,一般
228,2015/12/9,一般
229,2015/12/10,一般
230,2015/12/11,一般
231,2015/12/14,一般
232,2015/12/15,一般
233,2015/12/16,一般
234,2015/12/17,一般
235,2015/12/18,一般
236,2015/12/21,一般
237,2015/12/22,一般
238,2015/12/23,一般
239,2015/12/24,一般
240,2015/12/25,一般
241,2015/12/28,一般
242,2015/12/29,一般
243,2015/12/30,一般
244,2015/12/31,一般
245,2016/1/4,一般
246,2016/1/5,一般
247,2016/1/6,一般
248,2016/1/7,一般
249,2016/1/8,一般
250,2016/1/11,一般
251,2016/1/12,一般
252,2016/1/13,一般
253,2016/1/14,一般
254,2016/1/15,一般
255,2016/1/18,一般
256,2016/1/19,一般
257,2016/1/20,一般
258,2016/1/21,一般
259,2016/1/22,一般
260,2016/1/25,一般
261,2016/1/26,一般
262,2016/1/27,一般
263,2016/1/28,一般
264,2016/1/29,一般
265,2016/1/30,一般
266,2016/2/1,一般
267,2016/2/2,一般
268,2016/2/3,一般
269,2016/2/15,一般
270,2016/2/16,一般
271,2016/2/17,一般
272,2016/2/18,一般
273,2016/2/19,一般
274,2016/2/22,一般
275,2016/2/23,一般
276,2016/2/24,一般
277,2016/2/25,一般
278,2016/2/26,一般
279,2016/3/1,一般
280,2016/3/2,一般
281,2016/3/3,一般
282,2016/3/4,一般
283,2016/3/7,一般
284,2016/3/8,一般
285,2016/3/9,一般
286,2016/3/10,一般
287,2016/3/11,一般
288,2016/3/14,一般
289,2016/3/15,一般
290,2016/3/16,一般
291,2016/3/17,一般
292,2016/3/18,一般
293,2016/3/21,一般
294,2016/3/22,一般
295,2016/3/23,一般
296,2016/3/24,一般
297,2016/3/25,一般
298,2016/3/28,一般
299,2016/3/29,一般
300,2016/3/30,一般
301,2016/3/31,一般
302,2016/4/1,一般
303,2016/4/6,一般
304,2016/4/7,一般
305,2016/4/8,一般
306,2016/4/11,一般
307,2016/4/12,一般
308,2016/4/13,一般
309,2016/4/14,一般
310,2016/4/15,一般
311,2016/4/18,一般
312,2016/4/19,一般
313,2016/4/20,一般
314,2016/4/21,一般
315,2016/4/22,一般
316,2016/4/25,一般
317,2016/4/26,一般
318,2016/4/27,一般
319,2016/4/28,一般
320,2016/4/29,一般
321,2016/5/3,一般
322,2016/5/4,一般
323,2016/5/5,一般
324,2016/5/6,一般
325,2016/5/9,一般
326,2016/5/10,一般
327,2016/5/11,一般
328,2016/5/12,一般
329,2016/5/13,一般
330,2016/5/16,一般
331,2016/5/17,一般
332,2016/5/18,一般
333,2016/5/19,一般
334,2016/5/20,一般
335,2016/5/23,一般
336,2016/5/24,一般
337,2016/5/25,一般
338,2016/5/26,一般
339,2016/5/27,一般
340,2016/5/30,一般
341,2016/5/31,一般
342,2016/6/1,一般
343,2016/6/2,一般
344,2016/6/3,一般
345,2016/6/4,一般
346,2016/6/6,一般
347,2016/6/7,一般
348,2016/6/8,一般
349,2016/6/13,一般
350,2016/6/14,一般
351,2016/6/15,一般
352,2016/6/16,一般
353,2016/6/17,一般
354,2016/6/20,一般
355,2016/6/21,一般
356,2016/6/22,一般
357,2016/6/23,一般
358,2016/6/24,一般
359,2016/6/27,一般
360,2016/6/28,一般
361,2016/6/29,一般
362,2016/6/30,一般
363,2016/7/1,一般
364,2016/7/4,一般
365,2016/7/5,一般
366,2016/7/6,一般
367,2016/7/7,一般
368,2016/7/11,一般
369,2016/7/12,一般
370,2016/7/13,一般
371,2016/7/14,一般
372,2016/7/15,一般
373,2016/7/18,一般
374,2016/7/19,一般
375,2016/7/20,一般
376,2016/7/21,一般
377,2016/7/22,一般
378,2016/7/25,一般
379,2016/7/26,一般
380,2016/7/27,一般
381,2016/7/28,一般
382,2016/7/29,一般
383,2016/8/1,一般
384,2016/8/2,一般
385,2016/8/3,一般
386,2016/8/4,一般
387,2016/8/5,一般
388,2016/8/8,一般
389,2016/8/9,一般
390,2016/8/10,一般
391,2016/8/11,一般
392,2016/8/12,一般
393,2016/8/15,一般
394,2016/8/16,一般
395,2016/8/17,一般
396,2016/8/18,一般
397,2016/8/19,一般
398,2016/8/22,一般
399,2016/8/23,一般
400,2016/8/24,一般
401,2016/8/25,一般
402,2016/8/26,一般
403,2016/8/29,一般
404,2016/8/30,一般
405,2016/8/31,一般
406,2016/9/1,一般
407,2016/9/2,一般
408,2016/9/5,一般
409,2016/9/6,一般
410,2016/9/7,一般
411,2016/9/8,一般
412,2016/9/9,一般
413,2016/9/10,一般
414,2016/9/12,一般
415,2016/9/13,一般
416,2016/9/14,一般
417,2016/9/19,一般
418,2016/9/20,一般
419,2016/9/21,一般
420,2016/9/22,一般
421,2016/9/23,一般
422,2016/9/26,一般
423,2016/9/29,一般
424,2016/9/30,一般
425,2016/10/3,一般
426,2016/10/4,一般
427,2016/10/5,一般
428,2016/10/6,一般
429,2016/10/7,一般
430,2016/10/11,一般
431,2016/10/12,一般
432,2016/10/13,一般
433,2016/10/14,一般
434,2016/10/17,一般
435,2016/10/18,一般
436,2016/10/19,一般
437,2016/10/20,一般
438,2016/10/21,一般
439,2016/10/24,一般
440,2016/10/25,一般
441,2016/10/26,一般
442,2016/10/27,一般
443,2016/10/28,一般
444,2016/10/31,一般
445,2016/11/1,一般
446,2016/11/2,一般
447,2016/11/3,一般
448,2016/11/4,一般
449,2016/11/7,一般
450,2016/11/8,一般
451,2016/11/9,一般
452,2016/11/10,一般
453,2016/11/11,一般
454,2016/11/14,一般
455,2016/11/15,一般
456,2016/11/16,一般
457,2016/11/17,一般
458,2016/11/18,一般
459,2016/11/21,一般
460,2016/11/22,一般
461,2016/11/23,一般
462,2016/11/24,一般
463,2016/11/25,一般
464,2016/11/28,一般
465,2016/11/29,一般
466,2016/11/30,一般
467,2016/12/1,一般
468,2016/12/2,一般
469,2016/12/5,一般
470,2016/12/6,一般
471,2016/12/7,一般
472,2016/12/8,一般
473,2016/12/9,一般
474,2016/12/12,一般
475,2016/12/13,一般
476,2016/12/14,一般
477,2016/12/15,一般
478,2016/12/16,一般
479,2016/12/19,一般
480,2016/12/20,一般
481,2016/12/21,一般
482,2016/12/22,一般
483,2016/12/23,一般
484,2016/12/26,一般
485,2016/12/27,一般
486,2016/12/28,一般
487,2016/12/29,一般
488,2016/12/30,一般
489,2017/1/3,一般
490,2017/1/4,一般
491,2017/1/5,一般
492,2017/1/6,一般
493,2017/1/9,一般
494,2017/1/10,一般
495,2017/1/11,一般
496,2017/1/12,一般
497,2017/1/13,一般
498,2017/1/16,一般
499,2017/1/17,一般
500,2017/1/18,一般
501,2017/1/19,一般
502,2017/1/20,一般
503,2017/1/23,一般
504,2017/1/24,一般
505,2017/2/2,一般
506,2017/2/3,一般
507,2017/2/6,一般
508,2017/2/7,一般
509,2017/2/8,一般
510,2017/2/9,一般
511,2017/2/10,一般
512,2017/2/13,一般
513,2017/2/14,一般
514,2017/2/15,一般
515,2017/2/16,一般
516,2017/2/17,一般
517,2017/2/18,一般
518,2017/2/20,一般
519,2017/2/21,一般
520,2017/2/22,一般
521,2017/2/23,一般
522,2017/2/24,一般
523,2017/3/1,一般
524,2017/3/2,一般
525,2017/3/3,一般
526,2017/3/6,一般
527,2017/3/7,一般
528,2017/3/8,一般
529,2017/3/9,一般
530,2017/3/10,一般
531,2017/3/13,一般
532,2017/3/14,一般
533,2017/3/15,一般
534,2017/3/16,一般
535,2017/3/17,一般
536,2017/3/20,一般
537,2017/3/21,一般
538,2017/3/22,一般
539,2017/3/23,一般
540,2017/3/24,一般
541,2017/3/27,一般
542,2017/3/28,一般
543,2017/3/29,一般
544,2017/3/30,一般
545,2017/3/31,一般
546,2017/4/5,一般
547,2017/4/6,一般
548,2017/4/7,一般
549,2017/4/10,一般
550,2017/4/11,一般
551,2017/4/12,一般
552,2017/4/13,一般
553,2017/4/14,一般
554,2017/4/17,一般
555,2017/4/18,一般
556,2017/4/19,一般
557,2017/4/20,一般
558,2017/4/21,一般
559,2017/4/24,一般
560,2017/4/25,一般
561,2017/4/26,一般
562,2017/4/27,一般
563,2017/4/28,一般
564,2017/5/2,一般
565,2017/5/3,一般
566,2017/5/4,一般
567,2017/5/5,一般
568,2017/5/8,一般
569,2017/5/9,一般
570,2017/5/10,一般
571,2017/5/11,一般
572,2017/5/12,一般
573,2017/5/15,一般
574,2017/5/16,盤後
575,2017/5/16,一般
576,2017/5/17,盤後
577,2017/5/17,一般
578,2017/5/18,盤後
579,2017/5/18,一般
580,2017/5/19,盤後
581,2017/5/19,一般
582,2017/5/22,盤後
583,2017/5/22,一般
584,2017/5/23,盤後
585,2017/5/23,一般
586,2017/5/24,盤後
587,2017/5/24,一般
588,2017/5/25,盤後
589,2017/5/25,一般
590,2017/5/26,盤後
591,2017/5/26,一般
592,2017/5/31,盤後
593,2017/5/31,一般
594,2017/6/1,盤後
595,2017/6/1,一般
596,2017/6/2,盤後
597,2017/6/2,一般
598,2017/6/3,盤後
599,2017/6/3,一般
600,2017/6/5,一般
601,2017/6/6,盤後
602,2017/6/6,一般
603,2017/6/7,盤後
604,2017/6/7,一般
605,2017/6/8,盤後
606,2017/6/8,一般
607,2017/6/9,盤後
608,2017/6/9,一般
609,2017/6/12,盤後
610,2017/6/12,一般
611,2017/6/13,盤後
612,2017/6/13,一般
613,2017/6/14,盤後
614,2017/6/14,一般
615,2017/6/15,盤後
616,2017/6/15,一般
617,2017/6/16,盤後
618,2017/6/16,一般
619,2017/6/19,盤後
620,2017/6/19,一般
621,2017/6/20,盤後
622,2017/6/20,一般
623,2017/6/21,盤後
624,2017/6/21,一般
625,2017/6/22,盤後
626,2017/6/22,一般
627,2017/6/23,盤後
628,2017/6/23,一般
629,2017/6/26,盤後
630,2017/6/26,一般
631,2017/6/27,盤後
632,2017/6/27,一般
633,2017/6/28,盤後
634,2017/6/28,一般
635,2017/6/29,盤後
636,2017/6/29,一般
637,2017/6/30,盤後
638,2017/6/30,一般
639,2017/7/3,盤後
640,2017/7/3,一般
641,2017/7/4,盤後
642,2017/7/4,一般
643,2017/7/5,盤後
644,2017/7/5,一般
645,2017/7/6,盤後
646,2017/7/6,一般
647,2017/7/7,盤後
648,2017/7/7,一般
649,2017/7/10,盤後
650,2017/7/10,一般
651,2017/7/11,盤後
652,2017/7/11,一般
653,2017/7/12,盤後
654,2017/7/12,一般
655,2017/7/13,盤後
656,2017/7/13,一般
657,2017/7/14,盤後
658,2017/7/14,一般
659,2017/7/17,盤後
660,2017/7/17,一般
661,2017/7/18,盤後
662,2017/7/18,一般
663,2017/7/19,盤後
664,2017/7/19,一般
665,2017/7/20,盤後
666,2017/7/20,一般
667,2017/7/21,盤後
668,2017/7/21,一般
669,2017/7/24,盤後
670,2017/7/24,一般
671,2017/7/25,盤後
672,2017/7/25,一般
673,2017/7/26,盤後
674,2017/7/26,一般
675,2017/7/27,盤後
676,2017/7/27,一般
677,2017/7/28,盤後
678,2017/7/28,一般
679,2017/7/31,盤後
680,2017/7/31,一般
681,2017/8/1,盤後
682,2017/8/1,一般
683,2017/8/2,盤後
684,2017/8/2,一般
685,2017/8/3,盤後
686,2017/8/3,一般
687,2017/8/4,盤後
688,2017/8/4,一般
689,2017/8/7,盤後
690,2017/8/7,一般
691,2017/8/8,盤後
692,2017/8/8,一般
693,2017/8/9,盤後
694,2017/8/9,一般
695,2017/8/10,盤後
696,2017/8/10,一般
697,2017/8/11,盤後
698,2017/8/11,一般
699,2017/8/14,盤後
700,2017/8/14,一般
701,2017/8/15,盤後
702,2017/8/15,一般
703,2017/8/16,盤後
704,2017/8/16,一般
705,2017/8/17,盤後
706,2017/8/17,一般
707,2017/8/18,盤後
708,2017/8/18,一般
709,2017/8/21,盤後
710,2017/8/21,一般
711,2017/8/22,盤後
712,2017/8/22,一般
713,2017/8/23,盤後
714,2017/8/23,一般
715,2017/8/24,盤後
716,2017/8/24,一般
717,2017/8/25,盤後
718,2017/8/25,一般
719,2017/8/28,盤後
720,2017/8/28,一般
721,2017/8/29,盤後
722,2017/8/29,一般
723,2017/8/30,盤後
724,2017/8/30,一般
725,2017/8/31,盤後
726,2017/8/31,一般
727,2017/9/1,盤後
728,2017/9/1,一般
729,2017/9/4,盤後
730,2017/9/4,一般
731,2017/9/5,盤後
732,2017/9/5,一般
733,2017/9/6,盤後
734,2017/9/6,一般
735,2017/9/7,盤後
736,2017/9/7,一般
737,2017/9/8,盤後
738,2017/9/8,一般
739,2017/9/11,盤後
740,2017/9/11,一般
741,2017/9/12,盤後
742,2017/9/12,一般
743,2017/9/13,盤後
744,2017/9/13,一般
745,2017/9/14,盤後
746,2017/9/14,一般
747,2017/9/15,盤後
748,2017/9/15,一般
749,2017/9/18,盤後
750,2017/9/18,一般
751,2017/9/19,盤後
752,2017/9/19,一般
753,2017/9/20,盤後
754,2017/9/20,一般
755,2017/9/21,盤後
756,2017/9/21,一般
757,2017/9/22,盤後
758,2017/9/22,一般
759,2017/9/25,盤後
760,2017/9/25,一般
761,2017/9/26,盤後
762,2017/9/26,一般
763,2017/9/27,盤後
764,2017/9/27,一般
765,2017/9/28,盤後
766,2017/9/28,一般
767,2017/9/29,盤後
768,2017/9/29,一般
769,2017/9/30,盤後
770,2017/9/30,一般
771,2017/10/2,一般
772,2017/10/3,盤後
773,2017/10/3,一般
774,2017/10/5,盤後
775,2017/10/5,一般
776,2017/10/6,盤後
777,2017/10/6,一般
778,2017/10/11,盤後
779,2017/10/11,一般
780,2017/10/12,盤後
781,2017/10/12,一般
782,2017/10/13,盤後
783,2017/10/13,一般
784,2017/10/16,盤後
785,2017/10/16,一般
786,2017/10/17,盤後
787,2017/10/17,一般
788,2017/10/18,盤後
789,2017/10/18,一般
790,2017/10/19,盤後
791,2017/10/19,一般
792,2017/10/20,盤後
793,2017/10/20,一般
794,2017/10/23,盤後
795,2017/10/23,一般
796,2017/10/24,盤後
797,2017/10/24,一般
798,2017/10/25,盤後
799,2017/10/25,一般
800,2017/10/26,盤後
801,2017/10/26,一般
802,2017/10/27,盤後
803,2017/10/27,一般
804,2017/10/30,盤後
805,2017/10/30,一般
806,2017/10/31,盤後
807,2017/10/31,一般
808,2017/11/1,盤後
809,2017/11/1,一般
810,2017/11/2,盤後
811,2017/11/2,一般
812,2017/11/3,盤後
813,2017/11/3,一般
814,2017/11/6,盤後
815,2017/11/6,一般
816,2017/11/7,盤後
817,2017/11/7,一般
818,2017/11/8,盤後
819,2017/11/8,一般
820,2017/11/9,盤後
821,2017/11/9,一般
822,2017/11/10,盤後
823,2017/11/10,一般
824,2017/11/13,盤後
825,2017/11/13,一般
826,2017/11/14,盤後
827,2017/11/14,一般
828,2017/11/15,盤後
829,2017/11/15,一般
830,2017/11/16,盤後
831,2017/11/16,一般
832,2017/11/17,盤後
833,2017/11/17,一般
834,2017/11/20,盤後
835,2017/11/20,一般
836,2017/11/21,盤後
837,2017/11/21,一般
838,2017/11/22,盤後
839,2017/11/22,一般
840,2017/11/23,盤後
841,2017/11/23,一般
842,2017/11/24,盤後
843,2017/11/24,一般
844,2017/11/27,盤後
845,2017/11/27,一般
846,2017/11/28,盤後
847,2017/11/28,一般
848,2017/11/29,盤後
849,2017/11/29,一般
850,2017/11/30,盤後
851,2017/11/30,一般
852,2017/12/1,盤後
853,2017/12/1,一般
854,2017/12/4,盤後
855,2017/12/4,一般
856,2017/12/5,盤後
857,2017/12/5,一般
858,2017/12/6,盤後
859,2017/12/6,一般
860,2017/12/7,盤後
861,2017/12/7,一般
862,2017/12/8,盤後
863,2017/12/8,一般
864,2017/12/11,盤後
865,2017/12/11,一般
866,2017/12/12,盤後
867,2017/12/12,一般
868,2017/12/13,盤後
869,2017/12/13,一般
870,2017/12/14,盤後
871,2017/12/14,一般
872,2017/12/15,盤後
873,2017/12/15,一般
874,2017/12/18,盤後
875,2017/12/18,一般
876,2017/12/19,盤後
877,2017/12/19,一般
878,2017/12/20,盤後
879,2017/12/20,一般
880,2017/12/21,盤後
881,2017/12/21,一般
882,2017/12/22,盤後
883,2017/12/22,一般
884,2017/12/25,盤後
885,2017/12/25,一般
886,2017/12/26,盤後
887,2017/12/26,一般
888,2017/12/27,盤後
889,2017/12/27,一般
890,2017/12/28,盤後
891,2017/12/28,一般
892,2017/12/29,盤後
893,2017/12/29,一般
894,2018/1/2,盤後
895,2018/1/2,一般
896,2018/1/3,盤後
897,2018/1/3,一般
898,2018/1/4,盤後
899,2018/1/4,一般
900,2018/1/5,盤後
901,2018/1/5,一般
902,2018/1/8,盤後
903,2018/1/8,一般
904,2018/1/9,盤後
905,2018/1/9,一般
906,2018/1/10,盤後
907,2018/1/10,一般
908,2018/1/11,盤後
909,2018/1/11,一般
910,2018/1/12,盤後
911,2018/1/12,一般
912,2018/1/15,盤後
913,2018/1/15,一般
914,2018/1/16,盤後
915,2018/1/16,一般
916,2018/1/17,盤後
917,2018/1/17,一般
918,2018/1/18,盤後
919,2018/1/18,一般
920,2018/1/19,盤後
921,2018/1/19,一般
922,2018/1/22,盤後
923,2018/1/22,一般
924,2018/1/23,盤後
925,2018/1/23,一般
926,2018/1/24,盤後
927,2018/1/24,一般
928,2018/1/25,盤後
929,2018/1/25,一般
930,2018/1/26,盤後
931,2018/1/26,一般
932,2018/1/29,盤後
933,2018/1/29,一般
934,2018/1/30,盤後
935,2018/1/30,一般
936,2018/1/31,盤後
937,2018/1/31,一般
938,2018/2/1,盤後
939,2018/2/1,一般
940,2018/2/2,盤後
941,2018/2/2,一般
942,2018/2/5,盤後
943,2018/2/5,一般
944,2018/2/6,盤後
945,2018/2/6,一般
946,2018/2/7,盤後
947,2018/2/7,一般
948,2018/2/8,盤後
949,2018/2/8,一般
950,2018/2/9,盤後
951,2018/2/9,一般
952,2018/2/12,盤後
953,2018/2/12,一般
954,2018/2/21,盤後
955,2018/2/21,一般
956,2018/2/22,盤後
957,2018/2/22,一般
958,2018/2/23,盤後
959,2018/2/23,一般
960,2018/2/26,盤後
961,2018/2/26,一般
962,2018/2/27,盤後
963,2018/2/27,一般
964,2018/3/1,盤後
965,2018/3/1,一般
966,2018/3/2,盤後
967,2018/3/2,一般
968,2018/3/5,盤後
969,2018/3/5,一般
970,2018/3/6,盤後
971,2018/3/6,一般
972,2018/3/7,盤後
973,2018/3/7,一般
974,2018/3/8,盤後
975,2018/3/8,一般
976,2018/3/9,盤後
977,2018/3/9,一般
978,2018/3/12,盤後
979,2018/3/12,一般
980,2018/3/13,盤後
981,2018/3/13,一般
982,2018/3/14,盤後
983,2018/3/14,一般
984,2018/3/15,盤後
985,2018/3/15,一般
986,2018/3/16,盤後
987,2018/3/16,一般
988,2018/3/19,盤後
989,2018/3/19,一般
990,2018/3/20,盤後
991,2018/3/20,一般
992,2018/3/21,盤後
993,2018/3/21,一般
994,2018/3/22,盤後
995,2018/3/22,一般
996,2018/3/23,盤後
997,2018/3/23,一般
998,2018/3/26,盤後
999,2018/3/26,一般
1000,2018/3/27,盤後
1001,2018/3/27,一般
1002,2018/3/28,盤後
1003,2018/3/28,一般
1004,2018/3/29,盤後
1005,2018/3/29,一般
1006,2018/3/30,盤後
1007,2018/3/30,一般
1008,2018/3/31,盤後
1009,2018/3/31,一般
1010,2018/4/2,一般
1011,2018/4/3,盤後
1012,2018/4/3,一般
1013,2018/4/9,盤後
1014,2018/4/9,一般
1015,2018/4/10,盤後
1016,2018/4/10,一般
1017,2018/4/11,盤後
1018,2018/4/11,一般
1019,2018/4/12,盤後
1020,2018/4/12,一般
1021,2018/4/13,盤後
1022,2018/4/13,一般
1023,2018/4/16,盤後
1024,2018/4/16,一般
1025,2018/4/17,盤後
1026,2018/4/17,一般
1027,2018/4/18,盤後
1028,2018/4/18,一般
1029,2018/4/19,盤後
1030,2018/4/19,一般
1031,2018/4/20,盤後
1032,2018/4/20,一般
1033,2018/4/23,盤後
1034,2018/4/23,一般
1035,2018/4/24,盤後
1036,2018/4/24,一般
1037,2018/4/25,盤後
1038,2018/4/25,一般
1039,2018/4/26,盤後
1040,2018/4/26,一般
1041,2018/4/27,盤後
1042,2018/4/27,一般
1043,2018/4/30,盤後
1044,2018/4/30,一般
1045,2018/5/2,盤後
1046,2018/5/2,一般
1047,2018/5/3,盤後
1048,2018/5/3,一般
1049,2018/5/4,盤後
1050,2018/5/4,一般
1051,2018/5/7,盤後
1052,2018/5/7,一般
1053,2018/5/8,盤後
1054,2018/5/8,一般
1055,2018/5/9,盤後
1056,2018/5/9,一般
1057,2018/5/10,盤後
1058,2018/5/10,一般
1059,2018/5/11,盤後
1060,2018/5/11,一般
1061,2018/5/14,盤後
1062,2018/5/14,一般
1063,2018/5/15,盤後
1064,2018/5/15,一般
1065,2018/5/16,盤後
1066,2018/5/16,一般
1067,2018/5/17,盤後
1068,2018/5/17,一般
1069,2018/5/18,盤後
1070,2018/5/18,一般
1071,2018/5/21,盤後
1072,2018/5/21,一般
1073,2018/5/22,盤後
1074,2018/5/22,一般
1075,2018/5/23,盤後
1076,2018/5/23,一般
1077,2018/5/24,盤後
1078,2018/5/24,一般
1079,2018/5/25,盤後
1080,2018/5/25,一般
1081,2018/5/28,盤後
1082,2018/5/28,一般
1083,2018/5/29,盤後
1084,2018/5/29,一般
1085,2018/5/30,盤後
1086,2018/5/30,一般
1087,2018/5/31,盤後
1088,2018/5/31,一般
1089,2018/6/1,盤後
1090,2018/6/1,一般
1091,2018/6/4,盤後
1092,2018/6/4,一般
1093,2018/6/5,盤後
1094,2018/6/5,一般
1095,2018/6/6,盤後
1096,2018/6/6,一般
1097,2018/6/7,盤後
1098,2018/6/7,一般
1099,2018/6/8,盤後
1100,2018/6/8,一般
1101,2018/6/11,盤後
1102,2018/6/11,一般
1103,2018/6/12,盤後
1104,2018/6/12,一般
1105,2018/6/13,盤後
1106,2018/6/13,一般
1107,2018/6/14,盤後
1108,2018/6/14,一般
1109,2018/6/15,盤後
1110,2018/6/15,一般
1111,2018/6/19,盤後
1112,2018/6/19,一般
1113,2018/6/20,盤後
1114,2018/6/20,一般
1115,2018/6/21,盤後
1116,2018/6/21,一般
1117,2018/6/22,盤後
1118,2018/6/22,一般
1119,2018/6/25,盤後
1120,2018/6/25,一般
1121,2018/6/26,盤後
1122,2018/6/26,一般
1123,2018/6/27,盤後
1124,2018/6/27,一般
1125,2018/6/28,盤後
1126,2018/6/28,一般
1127,2018/6/29,盤後
1128,2018/6/29,一般
1129,2018/7/2,盤後
1130,2018/7/2,一般
1131,2018/7/3,盤後
1132,2018/7/3,一般
1133,2018/7/4,盤後
1134,2018/7/4,一般
1135,2018/7/5,盤後
1136,2018/7/5,一般
1137,2018/7/6,盤後
1138,2018/7/6,一般
1139,2018/7/9,盤後
1140,2018/7/9,一般
1141,2018/7/10,盤後
1142,2018/7/10,一般
1143,2018/7/11,一般
1144,2018/7/12,盤後
1145,2018/7/12,一般
1146,2018/7/13,盤後
1147,2018/7/13,一般
1148,2018/7/16,盤後
1149,2018/7/16,一般
1150,2018/7/17,盤後
1151,2018/7/17,一般
1152,2018/7/18,盤後
1153,2018/7/18,一般
1154,2018/7/19,盤後
1155,2018/7/19,一般
1156,2018/7/20,盤後
1157,2018/7/20,一般
1158,2018/7/23,盤後
1159,2018/7/23,一般
1160,2018/7/24,盤後
1161,2018/7/24,一般
1162,2018/7/25,盤後
1163,2018/7/25,一般
1164,2018/7/26,盤後
1165,2018/7/26,一般
1166,2018/7/27,盤後
1167,2018/7/27,一般
1168,2018/7/30,盤後
1169,2018/7/30,一般
1170,2018/7/31,盤後
1171,2018/7/31,一般
1172,2018/8/1,盤後
1173,2018/8/1,一般
1174,2018/8/2,盤後
1175,2018/8/2,一般
1176,2018/8/3,盤後
1177,2018/8/3,一般
1178,2018/8/6,盤後
1179,2018/8/6,一般
1180,2018/8/7,盤後
1181,2018/8/7,一般
1182,2018/8/8,盤後
1183,2018/8/8,一般
1184,2018/8/9,盤後
1185,2018/8/9,一般
1186,2018/8/10,盤後
1187,2018/8/10,一般
1188,2018/8/13,盤後
1189,2018/8/13,一般
1190,2018/8/14,盤後
1191,2018/8/14,一般
1192,2018/8/15,盤後
1193,2018/8/15,一般
1194,2018/8/16,盤後
1195,2018/8/16,一般
1196,2018/8/17,盤後
1197,2018/8/17,一般
1198,2018/8/20,盤後
1199,2018/8/20,一般
1200,2018/8/21,盤後
1201,2018/8/21,一般
1202,2018/8/22,盤後
1203,2018/8/22,一般
1204,2018/8/23,盤後
1205,2018/8/23,一般
1206,2018/8/24,盤後
1207,2018/8/24,一般
1208,2018/8/27,盤後
1209,2018/8/27,一般
1210,2018/8/28,盤後
1211,2018/8/28,一般
1212,2018/8/29,盤後
1213,2018/8/29,一般
1214,2018/8/30,盤後
1215,2018/8/30,一般
1216,2018/8/31,盤後
1217,2018/8/31,一般
1218,2018/9/3,盤後
1219,2018/9/3,一般
1220,2018/9/4,盤後
1221,2018/9/4,一般
1222,2018/9/5,盤後
1223,2018/9/5,一般
1224,2018/9/6,盤後
1225,2018/9/6,一般
1226,2018/9/7,盤後
1227,2018/9/7,一般
1228,2018/9/10,盤後
1229,2018/9/10,一般
1230,2018/9/11,盤後
1231,2018/9/11,一般
1232,2018/9/12,盤後
1233,2018/9/12,一般
1234,2018/9/13,盤後
1235,2018/9/13,一般
1236,2018/9/14,盤後
1237,2018/9/14,一般
1238,2018/9/17,盤後
1239,2018/9/17,一般
1240,2018/9/18,盤後
1241,2018/9/18,一般
1242,2018/9/19,盤後
1243,2018/9/19,一般
1244,2018/9/20,盤後
1245,2018/9/20,一般
1246,2018/9/21,盤後
1247,2018/9/21,一般
1248,2018/9/25,盤後
1249,2018/9/25,一般
1250,2018/9/26,盤後
1251,2018/9/26,一般
1252,2018/9/27,盤後
1253,2018/9/27,一般
1254,2018/9/28,盤後
1255,2018/9/28,一般
1256,2018/10/1,盤後
1257,2018/10/1,一般
1258,2018/10/2,盤後
1259,2018/10/2,一般
1260,2018/10/3,盤後
1261,2018/10/3,一般
1262,2018/10/4,盤後
1263,2018/10/4,一般
1264,2018/10/5,盤後
1265,2018/10/5,一般
1266,2018/10/8,盤後
1267,2018/10/8,一般
1268,2018/10/9,盤後
1269,2018/10/9,一般
1270,2018/10/11,盤後
1271,2018/10/11,一般
1272,2018/10/12,盤後
1273,2018/10/12,一般
1274,2018/10/15,盤後
1275,2018/10/15,一般
1276,2018/10/16,盤後
1277,2018/10/16,一般
1278,2018/10/17,盤後
1279,2018/10/17,一般
1280,2018/10/18,盤後
1281,2018/10/18,一般
1282,2018/10/19,盤後
1283,2018/10/19,一般
1284,2018/10/22,盤後
1285,2018/10/22,一般
1286,2018/10/23,盤後
1287,2018/10/23,一般
1288,2018/10/24,盤後
1289,2018/10/24,一般
1290,2018/10/25,盤後
1291,2018/10/25,一般
1292,2018/10/26,盤後
1293,2018/10/26,一般
1294,2018/10/29,盤後
1295,2018/10/29,一般
1296,2018/10/30,盤後
1297,2018/10/30,一般
1298,2018/10/31,盤後
1299,2018/10/31,一般
1300,2018/11/1,盤後
1301,2018/11/1,一般
1302,2018/11/2,盤後
1303,2018/11/2,一般
1304,2018/11/5,盤後
1305,2018/11/5,一般
1306,2018/11/6,盤後
1307,2018/11/6,一般
1308,2018/11/7,盤後
1309,2018/11/7,一般
1310,2018/11/8,盤後
1311,2018/11/8,一般
1312,2018/11/9,盤後
1313,2018/11/9,一般
1314,2018/11/12,盤後
1315,2018/11/12,一般
1316,2018/11/13,盤後
1317,2018/11/13,一般
1318,2018/11/14,盤後
1319,2018/11/14,一般
1320,2018/11/15,盤後
1321,2018/11/15,一般
1322,2018/11/16,盤後
1323,2018/11/16,一般
1324,2018/11/19,盤後
1325,2018/11/19,一般
1326,2018/11/20,盤後
1327,2018/11/20,一般
1328,2018/11/21,盤後
1329,2018/11/21,一般
1330,2018/11/22,盤後
1331,2018/11/22,一般
1332,2018/11/23,盤後
1333,2018/11/23,一般
1334,2018/11/26,盤後
1335,2018/11/26,一般
1336,2018/11/27,盤後
1337,2018/11/27,一般
1338,2018/11/28,盤後
1339,2018/11/28,一般
1340,2018/11/29,盤後
1341,2018/11/29,一般
1342,2018/11/30,盤後
1343,2018/11/30,一般
1344,2018/12/3,盤後
1345,2018/12/3,一般
1346,2018/12/4,盤後
1347,2018/12/4,一般
1348,2018/12/5,盤後
1349,2018/12/5,一般
1350,2018/12/6,盤後
1351,2018/12/6,一般
1352,2018/12/7,盤後
1353,2018/12/7,一般
1354,2018/12/10,盤後
1355,2018/12/10,一般
1356,2018/12/11,盤後
1357,2018/12/11,一般
1358,2018/12/12,盤後
1359,2018/12/12,一般
1360,2018/12/13,盤後
1361,2018/12/13,一般
1362,2018/12/14,盤後
1363,2018/12/14,一般
1364,2018/12/17,盤後
1365,2018/12/17,一般
1366,2018/12/18,盤後
1367,2018/12/18,一般
1368,2018/12/19,盤後
1369,2018/12/19,一般
1370,2018/12/20,盤後
1371,2018/12/20,一般
1372,2018/12/21,盤後
1373,2018/12/21,一般
1374,2018/12/22,盤後
1375,2018/12/22,一般
1376,2018/12/24,一般
1377,2018/12/25,盤後
1378,2018/12/25,一般
1379,2018/12/26,盤後
1380,2018/12/26,一般
1381,2018/12/27,盤後
1382,2018/12/27,一般
1383,2018/12/28,盤後
1384,2018/12/28,一般
1385,2019/1/2,盤後
1386,2019/1/2,一般
1387,2019/1/3,盤後
1388,2019/1/3,一般
1389,2019/1/4,盤後
1390,2019/1/4,一般
1391,2019/1/7,盤後
1392,2019/1/7,一般
1393,2019/1/8,盤後
1394,2019/1/8,一般
1395,2019/1/9,盤後
1396,2019/1/9,一般
1397,2019/1/10,盤後
1398,2019/1/10,一般
1399,2019/1/11,盤後
1400,2019/1/11,一般
1401,2019/1/14,盤後
1402,2019/1/14,一般
1403,2019/1/15,盤後
1404,2019/1/15,一般
1405,2019/1/16,盤後
1406,2019/1/16,一般
1407,2019/1/17,盤後
1408,2019/1/17,一般
1409,2019/1/18,盤後
1410,2019/1/18,一般
1411,2019/1/21,盤後
1412,2019/1/21,一般
1413,2019/1/22,盤後
1414,2019/1/22,一般
1415,2019/1/23,盤後
1416,2019/1/23,一般
1417,2019/1/24,盤後
1418,2019/1/24,一般
1419,2019/1/25,盤後
1420,2019/1/25,一般
1421,2019/1/28,盤後
1422,2019/1/28,一般
1423,2019/1/29,盤後
1424,2019/1/29,一般
1425,2019/1/30,盤後
1426,2019/1/30,一般
1427,2019/2/11,盤後
1428,2019/2/11,一般
1429,2019/2/12,盤後
1430,2019/2/12,一般
1431,2019/2/13,盤後
1432,2019/2/13,一般
1433,2019/2/14,盤後
1434,2019/2/14,一般
1435,2019/2/15,盤後
1436,2019/2/15,一般
1437,2019/2/18,盤後
1438,2019/2/18,一般
1439,2019/2/19,盤後
1440,2019/2/19,一般
1441,2019/2/20,盤後
1442,2019/2/20,一般
1443,2019/2/21,盤後
1444,2019/2/21,一般
1445,2019/2/22,盤後
1446,2019/2/22,一般
1447,2019/2/25,盤後
1448,2019/2/25,一般
1449,2019/2/26,盤後
1450,2019/2/26,一般
1451,2019/2/27,盤後
1452,2019/2/27,一般
1453,2019/3/4,盤後
1454,2019/3/4,一般
1455,2019/3/5,盤後
1456,2019/3/5,一般
1457,2019/3/6,盤後
1458,2019/3/6,一般
1459,2019/3/7,盤後
1460,2019/3/7,一般
1461,2019/3/8,盤後
1462,2019/3/8,一般
1463,2019/3/11,盤後
1464,2019/3/11,一般
1465,2019/3/12,盤後
1466,2019/3/12,一般
1467,2019/3/13,盤後
1468,2019/3/13,一般
1469,2019/3/14,盤後
1470,2019/3/14,一般
1471,2019/3/15,盤後
1472,2019/3/15,一般
1473,2019/3/18,盤後
1474,2019/3/18,一般
1475,2019/3/19,盤後
1476,2019/3/19,一般
1477,2019/3/20,盤後
1478,2019/3/20,一般
1479,2019/3/21,盤後
1480,2019/3/21,一般
1481,2019/3/22,盤後
1482,2019/3/22,一般
1483,2019/3/25,盤後
1484,2019/3/25,一般
1485,2019/3/26,盤後
1486,2019/3/26,一般
1487,2019/3/27,盤後
1488,2019/3/27,一般
1489,2019/3/28,盤後
1490,2019/3/28,一般
1491,2019/3/29,盤後
1492,2019/3/29,一般
1493,2019/4/1,盤後
1494,2019/4/1,一般
1495,2019/4/2,盤後
1496,2019/4/2,一般
1497,2019/4/3,盤後
1498,2019/4/3,一般
1499,2019/4/8,盤後
1500,2019/4/8,一般
1501,2019/4/9,盤後
1502,2019/4/9,一般
1503,2019/4/10,盤後
1504,2019/4/10,一般
1505,2019/4/11,盤後
1506,2019/4/11,一般
1507,2019/4/12,盤後
1508,2019/4/12,一般
1509,2019/4/15,盤後
1510,2019/4/15,一般
1511,2019/4/16,盤後
1512,2019/4/16,一般
1513,2019/4/17,盤後
1514,2019/4/17,一般
1515,2019/4/18,盤後
1516,2019/4/18,一般
1517,2019/4/19,盤後
1518,2019/4/19,一般
1519,2019/4/22,盤後
1520,2019/4/22,一般
1521,2019/4/23,盤後
1522,2019/4/23,一般
1523,2019/4/24,盤後
1524,2019/4/24,一般
1525,2019/4/25,盤後
1526,2019/4/25,一般
1527,2019/4/26,盤後
1528,2019/4/26,一般
1529,2019/4/29,盤後
1530,2019/4/29,一般
1531,2019/4/30,盤後
1532,2019/4/30,一般
1533,2019/5/2,盤後
1534,2019/5/2,一般
1535,2019/5/3,盤後
1536,2019/5/3,一般
1537,2019/5/6,盤後
1538,2019/5/6,一般
1539,2019/5/7,盤後
1540,2019/5/7,一般
1541,2019/5/8,盤後
1542,2019/5/8,一般
1543,2019/5/9,盤後
1544,2019/5/9,一般
1545,2019/5/10,盤後
1546,2019/5/10,一般
1547,2019/5/13,盤後
1548,2019/5/13,一般
1549,2019/5/14,盤後
1550,2019/5/14,一般
1551,2019/5/15,盤後
1552,2019/5/15,一般
1553,2019/5/16,盤後
1554,2019/5/16,一般
1555,2019/5/17,盤後
1556,2019/5/17,一般
1557,2019/5/20,盤後
1558,2019/5/20,一般
1559,2019/5/21,盤後
1560,2019/5/21,一般
1561,2019/5/22,盤後
1562,2019/5/22,一般
1563,2019/5/23,盤後
1564,2019/5/23,一般
1565,2019/5/24,盤後
1566,2019/5/24,一般
1567,2019/5/27,盤後
1568,2019/5/27,一般
1569,2019/5/28,盤後
1570,2019/5/28,一般
1571,2019/5/29,盤後
1572,2019/5/29,一般
1573,2019/5/30,盤後
1574,2019/5/30,一般
1575,2019/5/31,盤後
1576,2019/5/31,一般
1577,2019/6/3,盤後
1578,2019/6/3,一般
1579,2019/6/4,盤後
1580,2019/6/4,一般
1581,2019/6/5,盤後
1582,2019/6/5,一般
1583,2019/6/6,盤後
1584,2019/6/6,一般
1585,2019/6/10,盤後
1586,2019/6/10,一般
1587,2019/6/11,盤後
1588,2019/6/11,一般
1589,2019/6/12,盤後
1590,2019/6/12,一般
1591,2019/6/13,盤後
1592,2019/6/13,一般
1593,2019/6/14,盤後
1594,2019/6/14,一般
1595,2019/6/17,盤後
1596,2019/6/17,一般
1597,2019/6/18,盤後
1598,2019/6/18,一般
1599,2019/6/19,盤後
1600,2019/6/19,一般
1601,2019/6/20,盤後
1602,2019/6/20,一般
1603,2019/6/21,盤後
1604,2019/6/21,一般
1605,2019/6/24,盤後
1606,2019/6/24,一般
1607,2019/6/25,盤後
1608,2019/6/25,一般
1609,2019/6/26,盤後
1610,2019/6/26,一般
1611,2019/6/27,盤後
1612,2019/6/27,一般
1613,2019/6/28,盤後
1614,2019/6/28,一般
1615,2019/7/1,盤後
1616,2019/7/1,一般
1617,2019/7/2,盤後
1618,2019/7/2,一般
1619,2019/7/3,盤後
1620,2019/7/3,一般
1621,2019/7/4,盤後
1622,2019/7/4,一般
1623,2019/7/5,盤後
1624,2019/7/5,一般
1625,2019/7/8,盤後
1626,2019/7/8,一般
1627,2019/7/9,盤後
1628,2019/7/9,一般
1629,2019/7/10,盤後
1630,2019/7/10,一般
1631,2019/7/11,盤後
1632,2019/7/11,一般
1633,2019/7/12,盤後
1634,2019/7/12,一般
1635,2019/7/15,盤後
1636,2019/7/15,一般
1637,2019/7/16,盤後
1638,2019/7/16,一般
1639,2019/7/17,盤後
1640,2019/7/17,一般
1641,2019/7/18,盤後
1642,2019/7/18,一般
1643,2019/7/19,盤後
1644,2019/7/19,一般
1645,2019/7/22,盤後
1646,2019/7/22,一般
1647,2019/7/23,盤後
1648,2019/7/23,一般
1649,2019/7/24,盤後
1650,2019/7/24,一般
1651,2019/7/25,盤後
1652,2019/7/25,一般
1653,2019/7/26,盤後
1654,2019/7/26,一般
1655,2019/7/29,盤後
1656,2019/7/29,一般
1657,2019/7/30,盤後
1658,2019/7/30,一般
1659,2019/7/31,盤後
1660,2019/7/31,一般
1661,2019/8/1,盤後
1662,2019/8/1,一般
1663,2019/8/2,盤後
1664,2019/8/2,一般
1665,2019/8/5,盤後
1666,2019/8/5,一般
1667,2019/8/6,盤後
1668,2019/8/6,一般
1669,2019/8/7,盤後
1670,2019/8/7,一般
1671,2019/8/8,盤後
1672,2019/8/8,一般
1673,2019/8/12,盤後
1674,2019/8/12,一般
1675,2019/8/13,盤後
1676,2019/8/13,一般
1677,2019/8/14,盤後
1678,2019/8/14,一般
1679,2019/8/15,盤後
1680,2019/8/15,一般
1681,2019/8/16,盤後
1682,2019/8/16,一般
1683,2019/8/19,盤後
1684,2019/8/19,一般
1685,2019/8/20,盤後
1686,2019/8/20,一般
1687,2019/8/21,盤後
1688,2019/8/21,一般
1689,2019/8/22,盤後
1690,2019/8/22,一般
1691,2019/8/23,盤後
1692,2019/8/23,一般
1693,2019/8/26,盤後
1694,2019/8/26,一般
1695,2019/8/27,盤後
1696,2019/8/27,一般
1697,2019/8/28,盤後
1698,2019/8/28,一般
1699,2019/8/29,盤後
1700,2019/8/29,一般
1701,2019/8/30,盤後
1702,2019/8/30,一般
1703,2019/9/2,盤後
1704,2019/9/2,一般
1705,2019/9/3,盤後
1706,2019/9/3,一般
1707,2019/9/4,盤後
1708,2019/9/4,一般
1709,2019/9/5,盤後
1710,2019/9/5,一般
1711,2019/9/6,盤後
1712,2019/9/6,一般
1713,2019/9/9,盤後
1714,2019/9/9,一般
1715,2019/9/10,盤後
1716,2019/9/10,一般
1717,2019/9/11,盤後
1718,2019/9/11,一般
1719,2019/9/12,盤後
1720,2019/9/12,一般
1721,2019/9/16,盤後
1722,2019/9/16,一般
1723,2019/9/17,盤後
1724,2019/9/17,一般
1725,2019/9/18,盤後
1726,2019/9/18,一般
1727,2019/9/19,盤後
1728,2019/9/19,一般
1729,2019/9/20,盤後
1730,2019/9/20,一般
1731,2019/9/23,盤後
1732,2019/9/23,一般
1733,2019/9/24,盤後
1734,2019/9/24,一般
1735,2019/9/25,盤後
1736,2019/9/25,一般
1737,2019/9/26,盤後
1738,2019/9/26,一般
1739,2019/9/27,盤後
1740,2019/9/27,一般
1741,2019/10/1,盤後
1742,2019/10/1,一般
1743,2019/10/2,盤後
1744,2019/10/2,一般
1745,2019/10/3,盤後
1746,2019/10/3,一般
1747,2019/10/4,盤後
1748,2019/10/4,一般
1749,2019/10/7,盤後
1750,2019/10/7,一般
1751,2019/10/8,盤後
1752,2019/10/8,一般
1753,2019/10/9,盤後
1754,2019/10/9,一般
1755,2019/10/14,盤後
1756,2019/10/14,一般
1757,2019/10/15,盤後
1758,2019/10/15,一般
1759,2019/10/16,盤後
1760,2019/10/16,一般
1761,2019/10/17,盤後
1762,2019/10/17,一般
1763,2019/10/18,盤後
1764,2019/10/18,一般
1765,2019/10/21,盤後
1766,2019/10/21,一般
1767,2019/10/22,盤後
1768,2019/10/22,一般
1769,2019/10/23,盤後
1770,2019/10/23,一般
1771,2019/10/24,盤後
1772,2019/10/24,一般
1773,2019/10/25,盤後
1774,2019/10/25,一般
1775,2019/10/28,盤後
1776,2019/10/28,一般
1777,2019/10/29,盤後
1778,2019/10/29,一般
1779,2019/10/30,盤後
1780,2019/10/30,一般
1781,2019/10/31,盤後
1782,2019/10/31,一般
1783,2019/11/1,盤後
1784,2019/11/1,一般
1785,2019/11/4,盤後
1786,2019/11/4,一般
1787,2019/11/5,盤後
1788,2019/11/5,一般
1789,2019/11/6,盤後
1790,2019/11/6,一般
1791,2019/11/7,盤後
1792,2019/11/7,一般
1793,2019/11/8,盤後
1794,2019/11/8,一般
1795,2019/11/11,盤後
1796,2019/11/11,一般
1797,2019/11/12,盤後
1798,2019/11/12,一般
1799,2019/11/13,盤後
1800,2019/11/13,一般
1801,2019/11/14,盤後
1802,2019/11/14,一般
1803,2019/11/15,盤後
1804,2019/11/15,一般
1805,2019/11/18,盤後
1806,2019/11/18,一般
1807,2019/11/19,盤後
1808,2019/11/19,一般
1809,2019/11/20,盤後
1810,2019/11/20,一般
1811,2019/11/21,盤後
1812,2019/11/21,一般
1813,2019/11/22,盤後
1814,2019/11/22,一般
1815,2019/11/25,盤後
1816,2019/11/25,一般
1817,2019/11/26,盤後
1818,2019/11/26,一般
1819,2019/11/27,盤後
1820,2019/11/27,一般
1821,2019/11/28,盤後
1822,2019/11/28,一般
1823,2019/11/29,盤後
1824,2019/11/29,一般
1825,2019/12/2,盤後
1826,2019/12/2,一般
1827,2019/12/3,盤後
1828,2019/12/3,一般
1829,2019/12/4,盤後
1830,2019/12/4,一般
1831,2019/12/5,盤後
1832,2019/12/5,一般
1833,2019/12/6,盤後
1834,2019/12/6,一般
1835,2019/12/9,盤後
1836,2019/12/9,一般
1837,2019/12/10,盤後
1838,2019/12/10,一般
1839,2019/12/11,盤後
1840,2019/12/11,一般
1841,2019/12/12,盤後
1842,2019/12/12,一般
1843,2019/12/13,盤後
1844,2019/12/13,一般
1845,2019/12/16,盤後
1846,2019/12/16,一般
1847,2019/12/17,盤後
1848,2019/12/17,一般
1849,2019/12/18,盤後
1850,2019/12/18,一般
1851,2019/12/19,盤後
1852,2019/12/19,一般
1853,2019/12/20,盤後
1854,2019/12/20,一般
1855,2019/12/23,盤後
1856,2019/12/23,一般
1857,2019/12/24,盤後
1858,2019/12/24,一般
1859,2019/12/25,盤後
1860,2019/12/25,一般
1861,2019/12/26,盤後
1862,2019/12/26,一般
1863,2019/12/27,盤後
1864,2019/12/27,一般
1865,2019/12/30,盤後
1866,2019/12/30,一般
1867,2019/12/31,盤後
1868,2019/12/31,一般
1869,2020/1/2,盤後
1870,2020/1/2,一般
1871,2020/1/3,盤後
1872,2020/1/3,一般
1873,2020/1/6,盤後
1874,2020/1/6,一般
1875,2020/1/7,盤後
1876,2020/1/7,一般
1877,2020/1/8,盤後
1878,2020/1/8,一般
1879,2020/1/9,盤後
1880,2020/1/9,一般
1881,2020/1/10,盤後
1882,2020/1/10,一般
1883,2020/1/13,盤後
1884,2020/1/13,一般
1885,2020/1/14,盤後
1886,2020/1/14,一般
1887,2020/1/15,盤後
1888,2020/1/15,一般
1889,2020/1/16,盤後
1890,2020/1/16,一般
1891,2020/1/17,盤後
1892,2020/1/17,一般
1893,2020/1/20,盤後
1894,2020/1/20,一般
1895,2020/1/30,盤後
1896,2020/1/30,一般
1897,2020/1/31,盤後
1898,2020/1/31,一般
1899,2020/2/3,盤後
1900,2020/2/3,一般
1901,2020/2/4,盤後
1902,2020/2/4,一般
1903,2020/2/5,盤後
1904,2020/2/5,一般
1905,2020/2/6,盤後
1906,2020/2/6,一般
1907,2020/2/7,盤後
1908,2020/2/7,一般
1909,2020/2/10,盤後
1910,2020/2/10,一般
1911,2020/2/11,盤後
1912,2020/2/11,一般
1913,2020/2/12,盤後
1914,2020/2/12,一般
1915,2020/2/13,盤後
1916,2020/2/13,一般
1917,2020/2/14,盤後
1918,2020/2/14,一般
1919,2020/2/17,盤後
1920,2020/2/17,一般
1921,2020/2/18,盤後
1922,2020/2/18,一般
1923,2020/2/19,盤後
1924,2020/2/19,一般
1925,2020/2/20,盤後
1926,2020/2/20,一般
1927,2020/2/21,盤後
1928,2020/2/21,一般
1929,2020/2/24,盤後
1930,2020/2/24,一般
1931,2020/2/25,盤後
1932,2020/2/25,一般
1933,2020/2/26,盤後
1934,2020/2/26,一般
1935,2020/2/27,盤後
1936,2020/2/27,一般
1937,2020/3/2,盤後
1938,2020/3/2,一般
1939,2020/3/3,盤後
1940,2020/3/3,一般
1941,2020/3/4,盤後
1942,2020/3/4,一般
1943,2020/3/5,盤後
1944,2020/3/5,一般
1945,2020/3/6,盤後
1946,2020/3/6,一般
1947,2020/3/9,盤後
1948,2020/3/9,一般
1949,2020/3/10,盤後
1950,2020/3/10,一般
1951,2020/3/11,盤後
1952,2020/3/11,一般
1953,2020/3/12,盤後
1954,2020/3/12,一般
1955,2020/3/13,盤後
1956,2020/3/13,一般
1957,2020/3/16,盤後
1958,2020/3/16,一般
1959,2020/3/17,盤後
1960,2020/3/17,一般
1961,2020/3/18,盤後
1962,2020/3/18,一般
1963,2020/3/19,盤後
1964,2020/3/19,一般
1965,2020/3/20,盤後
1966,2020/3/20,一般
1967,2020/3/23,盤後
1968,2020/3/23,一般
1969,2020/3/24,盤後
1970,2020/3/24,一般
1971,2020/3/25,盤後
1972,2020/3/25,一般
1973,2020/3/26,盤後
1974,2020/3/26,一般
1975,2020/3/27,盤後
1976,2020/3/27,一般
1977,2020/3/30,盤後
1978,2020/3/30,一般
1979,2020/3/31,盤後
1980,2020/3/31,一般
1981,2020/4/1,盤後
1982,2020/4/1,一般
1983,2020/4/6,盤後
1984,2020/4/6,一般
1985,2020/4/7,盤後
1986,2020/4/7,一般
1987,2020/4/8,盤後
1988,2020/4/8,一般
1989,2020/4/9,盤後
1990,2020/4/9,一般
1991,2020/4/10,盤後
1992,2020/4/10,一般
1993,2020/4/13,盤後
1994,2020/4/13,一般
1995,2020/4/14,盤後
1996,2020/4/14,一般
1997,2020/4/15,盤後
1998,2020/4/15,一般
1999,2020/4/16,盤後
2000,2020/4/16,一般
2001,2020/4/17,盤後
2002,2020/4/17,一般
2003,2020/4/20,盤後
2004,2020/4/20,一般
2005,2020/4/21,盤後
2006,2020/4/21,一般
2007,2020/4/22,盤後
2008,2020/4/22,一般
2009,2020/4/23,盤後
2010,2020/4/23,一般
2011,2020/4/24,盤後
2012,2020/4/24,一般
2013,2020/4/27,盤後
2014,2020/4/27,一般
2015,2020/4/28,盤後
2016,2020/4/28,一般
2017,2020/4/29,盤後
2018,2020/4/29,一般
2019,2020/4/30,盤後
2020,2020/4/30,一般
2021,2020/5/4,盤後
2022,2020/5/4,一般
2023,2020/5/5,盤後
2024,2020/5/5,一般
2025,2020/5/6,盤後
2026,2020/5/6,一般
2027,2020/5/7,盤後
2028,2020/5/7,一般
2029,2020/5/8,盤後
2030,2020/5/8,一般
2031,2020/5/11,盤後
2032,2020/5/11,一般
2033,2020/5/12,盤後
2034,2020/5/12,一般
2035,2020/5/13,盤後
2036,2020/5/13,一般
2037,2020/5/14,盤後
2038,2020/5/14,一般
2039,2020/5/15,盤後
2040,2020/5/15,一般
2041,2020/5/18,盤後
2042,2020/5/18,一般
2043,2020/5/19,盤後
2044,2020/5/19,一般
2045,2020/5/20,盤後
2046,2020/5/20,一般
2047,2020/5/21,盤後
2048,2020/5/21,一般
2049,2020/5/22,盤後
2050,2020/5/22,一般
2051,2020/5/25,盤後
2052,2020/5/25,一般
2053,2020/5/26,盤後
2054,2020/5/26,一般
2055,2020/5/27,盤後
2056,2020/5/27,一般
2057,2020/5/28,盤後
2058,2020/5/28,一般
2059,2020/5/29,盤後
2060,2020/5/29,一般
2061,2020/6/1,盤後
2062,2020/6/1,一般
2063,2020/6/2,盤後
2064,2020/6/2,一般
2065,2020/6/3,盤後
2066,2020/6/3,一般
2067,2020/6/4,盤後
2068,2020/6/4,一般
2069,2020/6/5,盤後
2070,2020/6/5,一般
2071,2020/6/8,盤後
2072,2020/6/8,一般
2073,2020/6/9,盤後
2074,2020/6/9,一般
2075,2020/6/10,盤後
2076,2020/6/10,一般
2077,2020/6/11,盤後
2078,2020/6/11,一般
2079,2020/6/12,盤後
2080,2020/6/12,一般
2081,2020/6/15,盤後
2082,2020/6/15,一般
2083,2020/6/16,盤後
2084,2020/6/16,一般
2085,2020/6/17,盤後
2086,2020/6/17,一般
2087,2020/6/18,盤後
2088,2020/6/18,一般
2089,2020/6/19,盤後
2090,2020/6/19,一般
2091,2020/6/22,盤後
2092,2020/6/22,一般
2093,2020/6/23,盤後
2094,2020/6/23,一般
2095,2020/6/24,盤後
2096,2020/6/24,一般
2097,2020/6/29,盤後
2098,2020/6/29,一般
2099,2020/6/30,盤後
2100,2020/6/30,一般
2101,2020/7/1,盤後
2102,2020/7/1,一般
2103,2020/7/2,盤後
2104,2020/7/2,一般
2105,2020/7/3,盤後
2106,2020/7/3,一般
2107,2020/7/6,盤後
2108,2020/7/6,一般
2109,2020/7/7,盤後
2110,2020/7/7,一般
2111,2020/7/8,盤後
2112,2020/7/8,一般
2113,2020/7/9,盤後
2114,2020/7/9,一般
2115,2020/7/10,盤後
2116,2020/7/10,一般
2117,2020/7/13,盤後
2118,2020/7/13,一般
2119,2020/7/14,盤後
2120,2020/7/14,一般
2121,2020/7/15,盤後
2122,2020/7/15,一般
2123,2020/7/16,盤後
2124,2020/7/16,一般
2125,2020/7/17,盤後
2126,2020/7/17,一般
2127,2020/7/20,盤後
2128,2020/7/20,一般
2129,2020/7/21,盤後
2130,2020/7/21,一般
2131,2020/7/22,盤後
2132,2020/7/22,一般
2133,2020/7/23,盤後
2134,2020/7/23,一般
2135,2020/7/24,盤後
2136,2020/7/24,一般
2137,2020/7/27,盤後
2138,2020/7/27,一般
2139,2020/7/28,盤後
2140,2020/7/28,一般
2141,2020/7/29,盤後
2142,2020/7/29,一般
2143,2020/7/30,盤後
2144,2020/7/30,一般
2145,2020/7/31,盤後
2146,2020/7/31,一般
2147,2020/8/3,盤後
2148,2020/8/3,一般
2149,2020/8/4,盤後
2150,2020/8/4,一般
2151,2020/8/5,盤後
2152,2020/8/5,一般
2153,2020/8/6,盤後
2154,2020/8/6,一般
2155,2020/8/7,盤後
2156,2020/8/7,一般
2157,2020/8/10,盤後
2158,2020/8/10,一般
2159,2020/8/11,盤後
2160,2020/8/11,一般
2161,2020/8/12,盤後
2162,2020/8/12,一般
2163,2020/8/13,盤後
2164,2020/8/13,一般
2165,2020/8/14,盤後
2166,2020/8/14,一般
2167,2020/8/17,盤後
2168,2020/8/17,一般
2169,2020/8/18,盤後
2170,2020/8/18,一般
2171,2020/8/19,盤後
2172,2020/8/19,一般
2173,2020/8/20,盤後
2174,2020/8/20,一般
2175,2020/8/21,盤後
2176,2020/8/21,一般
2177,2020/8/24,盤後
2178,2020/8/24,一般
2179,2020/8/25,盤後
2180,2020/8/25,一般
2181,2020/8/26,盤後
2182,2020/8/26,一般
2183,2020/8/27,盤後
2184,2020/8/27,一般
2185,2020/8/28,盤後
2186,2020/8/28,一般
2187,2020/8/31,盤後
2188,2020/8/31,一般
2189,2020/9/1,盤後
2190,2020/9/1,一般
2191,2020/9/2,盤後
2192,2020/9/2,一般
2193,2020/9/3,盤後
2194,2020/9/3,一般
2195,2020/9/4,盤後
2196,2020/9/4,一般
2197,2020/9/7,盤後
2198,2020/9/7,一般
2199,2020/9/8,盤後
2200,2020/9/8,一般
2201,2020/9/9,盤後
2202,2020/9/9,一般
2203,2020/9/10,盤後
2204,2020/9/10,一般
2205,2020/9/11,盤後
2206,2020/9/11,一般
2207,2020/9/14,盤後
2208,2020/9/14,一般
2209,2020/9/15,盤後
2210,2020/9/15,一般
2211,2020/9/16,盤後
2212,2020/9/16,一般
2213,2020/9/17,盤後
2214,2020/9/17,一般
2215,2020/9/18,盤後
2216,2020/9/18,一般
2217,2020/9/21,盤後
2218,2020/9/21,一般
2219,2020/9/22,盤後
2220,2020/9/22,一般
2221,2020/9/23,盤後
2222,2020/9/23,一般
2223,2020/9/24,盤後
2224,2020/9/24,一般
2225,2020/9/25,盤後
2226,2020/9/25,一般
2227,2020/9/28,盤後
2228,2020/9/28,一般
2229,2020/9/29,盤後
2230,2020/9/29,一般
2231,2020/9/30,盤後
2232,2020/9/30,一般
2233,2020/10/5,盤後
2234,2020/10/5,一般
2235,2020/10/6,盤後
2236,2020/10/6,一般
2237,2020/10/7,盤後
2238,2020/10/7,一般
2239,2020/10/8,盤後
2240,2020/10/8,一般
2241,2020/10/12,盤後
2242,2020/10/12,一般
2243,2020/10/13,盤後
2244,2020/10/13,一般
2245,2020/10/14,盤後
2246,2020/10/14,一般
2247,2020/10/15,盤後
2248,2020/10/15,一般
2249,2020/10/16,盤後
2250,2020/10/16,一般
2251,2020/10/19,盤後
2252,2020/10/19,一般
2253,2020/10/20,盤後
2254,2020/10/20,一般
2255,2020/10/21,盤後
2256,2020/10/21,一般
2257,2020/10/22,盤後
2258,2020/10/22,一般
2259,2020/10/23,盤後
2260,2020/10/23,一般
2261,2020/10/26,盤後
2262,2020/10/26,一般
2263,2020/10/27,盤後
2264,2020/10/27,一般
2265,2020/10/28,盤後
2266,2020/10/28,一般
2267,2020/10/29,盤後
2268,2020/10/29,一般
2269,2020/10/30,盤後
2270,2020/10/30,一般
2271,2020/11/2,盤後
2272,2020/11/2,一般
2273,2020/11/3,盤後
2274,2020/11/3,一般
2275,2020/11/4,盤後
2276,2020/11/4,一般
2277,2020/11/5,盤後
2278,2020/11/5,一般
2279,2020/11/6,盤後
2280,2020/11/6,一般
2281,2020/11/9,盤後
2282,2020/11/9,一般
2283,2020/11/10,盤後
2284,2020/11/10,一般
2285,2020/11/11,盤後
2286,2020/11/11,一般
2287,2020/11/12,盤後
2288,2020/11/12,一般
2289,2020/11/13,盤後
2290,2020/11/13,一般
2291,2020/11/16,盤後
2292,2020/11/16,一般
2293,2020/11/17,盤後
2294,2020/11/17,一般
2295,2020/11/18,盤後
2296,2020/11/18,一般
2297,2020/11/19,盤後
2298,2020/11/19,一般
2299,2020/11/20,盤後
2300,2020/11/20,一般
2301,2020/11/23,盤後
2302,2020/11/23,一般
2303,2020/11/24,盤後
2304,2020/11/24,一般
2305,2020/11/25,盤後
2306,2020/11/25,一般
2307,2020/11/26,盤後
2308,2020/11/26,一般
2309,2020/11/27,盤後
2310,2020/11/27,一般
2311,2020/11/30,盤後
2312,2020/11/30,一般
2313,2020/12/1,盤後
2314,2020/12/1,一般
2315,2020/12/2,盤後
2316,2020/12/2,一般
2317,2020/12/3,盤後
2318,2020/12/3,一般
2319,2020/12/4,盤後
2320,2020/12/4,一般
2321,2020/12/7,盤後
2322,2020/12/7,一般
2323,2020/12/8,盤後
2324,2020/12/8,一般
2325,2020/12/9,盤後
2326,2020/12/9,一般
2327,2020/12/10,盤後
2328,2020/12/10,一般
2329,2020/12/11,盤後
2330,2020/12/11,一般
2331,2020/12/14,盤後
2332,2020/12/14,一般
2333,2020/12/15,盤後
2334,2020/12/15,一般
2335,2020/12/16,盤後
2336,2020/12/16,一般
2337,2020/12/17,盤後
2338,2020/12/17,一般
2339,2020/12/18,盤後
2340,2020/12/18,一般
2341,2020/12/21,盤後
2342,2020/12/21,一般
2343,2020/12/22,盤後
2344,2020/12/22,一般
2345,2020/12/23,盤後
2346,2020/12/23,一般
2347,2020/12/24,盤後
2348,2020/12/24,一般
2349,2020/12/25,盤後
2350,2020/12/25,一般
2351,2020/12/28,盤後
2352,2020/12/28,一般
2353,2020/12/29,盤後
2354,2020/12/29,一般
2355,2020/12/30,盤後
2356,2020/12/30,一般
2357,2020/12/31,盤後
2358,2020/12/31,一般
2359,2021/1/4,盤後
2360,2021/1/4,一般
2361,2021/1/5,盤後
2362,2021/1/5,一般
2363,2021/1/6,盤後
2364,2021/1/6,一般
2365,2021/1/7,盤後
2366,2021/1/7,一般
2367,2021/1/8,盤後
2368,2021/1/8,一般
2369,2021/1/11,盤後
2370,2021/1/11,一般
2371,2021/1/12,盤後
2372,2021/1/12,一般
2373,2021/1/13,盤後
2374,2021/1/13,一般
2375,2021/1/14,盤後
2376,2021/1/14,一般
2377,2021/1/15,盤後
2378,2021/1/15,一般
2379,2021/1/18,盤後
2380,2021/1/18,一般
2381,2021/1/19,盤後
2382,2021/1/19,一般
2383,2021/1/20,盤後
2384,2021/1/20,一般
2385,2021/1/21,盤後
2386,2021/1/21,一般
2387,2021/1/22,盤後
2388,2021/1/22,一般
2389,2021/1/25,盤後
2390,2021/1/25,一般
2391,2021/1/26,盤後
2392,2021/1/26,一般
2393,2021/1/27,盤後
2394,2021/1/27,一般
2395,2021/1/28,盤後
2396,2021/1/28,一般
2397,2021/1/29,盤後
2398,2021/1/29,一般
2399,2021/2/1,盤後
2400,2021/2/1,一般
2401,2021/2/2,盤後
2402,2021/2/2,一般
2403,2021/2/3,盤後
2404,2021/2/3,一般
2405,2021/2/4,盤後
2406,2021/2/4,一般
2407,2021/2/5,盤後
2408,2021/2/5,一般
2409,2021/2/17,盤後
2410,2021/2/17,一般
2411,2021/2/18,盤後
2412,2021/2/18,一般
2413,2021/2/19,盤後
2414,2021/2/19,一般
2415,2021/2/22,盤後
2416,2021/2/22,一般
2417,2021/2/23,盤後
2418,2021/2/23,一般
2419,2021/2/24,盤後
2420,2021/2/24,一般
2421,2021/2/25,盤後
2422,2021/2/25,一般
2423,2021/2/26,盤後
2424,2021/2/26,一般
2425,2021/3/2,盤後
2426,2021/3/2,一般
2427,2021/3/3,盤後
2428,2021/3/3,一般
2429,2021/3/4,盤後
2430,2021/3/4,一般
2431,2021/3/5,盤後
2432,2021/3/5,一般
2433,2021/3/8,盤後
2434,2021/3/8,一般
2435,2021/3/9,盤後
2436,2021/3/9,一般
2437,2021/3/10,盤後
2438,2021/3/10,一般
2439,2021/3/11,盤後
2440,2021/3/11,一般
2441,2021/3/12,盤後
2442,2021/3/12,一般
2443,2021/3/15,盤後
2444,2021/3/15,一般
2445,2021/3/16,盤後
2446,2021/3/16,一般
2447,2021/3/17,盤後
2448,2021/3/17,一般
2449,2021/3/18,盤後
2450,2021/3/18,一般
2451,2021/3/19,盤後
2452,2021/3/19,一般
2453,2021/3/22,盤後
2454,2021/3/22,一般
2455,2021/3/23,盤後
2456,2021/3/23,一般
2457,2021/3/24,盤後
2458,2021/3/24,一般
2459,2021/3/25,盤後
2460,2021/3/25,一般
2461,2021/3/26,盤後
2462,2021/3/26,一般
2463,2021/3/29,盤後
2464,2021/3/29,一般
2465,2021/3/30,盤後
2466,2021/3/30,一般
2467,2021/3/31,盤後
2468,2021/3/31,一般
2469,2021/4/1,盤後
2470,2021/4/1,一般
2471,2021/4/6,盤後
2472,2021/4/6,一般
2473,2021/4/7,盤後
2474,2021/4/7,一般
2475,2021/4/8,盤後
2476,2021/4/8,一般
2477,2021/4/9,盤後
2478,2021/4/9,一般
2479,2021/4/12,盤後
2480,2021/4/12,一般
2481,2021/4/13,盤後
2482,2021/4/13,一般
2483,2021/4/14,盤後
2484,2021/4/14,一般
2485,2021/4/15,盤後
2486,2021/4/15,一般
2487,2021/4/16,盤後
2488,2021/4/16,一般
2489,2021/4/19,盤後
2490,2021/4/19,一般
2491,2021/4/20,盤後
2492,2021/4/20,一般
2493,2021/4/21,盤後
2494,2021/4/21,一般
2495,2021/4/22,盤後
2496,2021/4/22,一般
2497,2021/4/23,盤後
2498,2021/4/23,一般
2499,2021/4/26,盤後
2500,2021/4/26,一般
2501,2021/4/27,盤後
2502,2021/4/27,一般
2503,2021/4/28,盤後
2504,2021/4/28,一般
2505,2021/4/29,盤後
2506,2021/4/29,一般
2507,2021/5/3,盤後
2508,2021/5/3,一般
2509,2021/5/4,盤後
2510,2021/5/4,一般
2511,2021/5/5,盤後
2512,2021/5/5,一般
2513,2021/5/6,盤後
2514,2021/5/6,一般
2515,2021/5/7,盤後
2516,2021/5/7,一般
2517,2021/5/10,盤後
2518,2021/5/10,一般
2519,2021/5/11,盤後
2520,2021/5/11,一般
2521,2021/5/12,盤後
2522,2021/5/12,一般
2523,2021/5/13,盤後
2524,2021/5/13,一般
2525,2021/5/14,盤後
2526,2021/5/14,一般
2527,2021/5/17,盤後
2528,2021/5/17,一般
2529,2021/5/18,盤後
2530,2021/5/18,一般
2531,2021/5/19,盤後
2532,2021/5/19,一般
2533,2021/5/20,盤後
2534,2021/5/20,一般
2535,2021/5/21,盤後
2536,2021/5/21,一般
2537,2021/5/24,盤後
2538,2021/5/24,一般
2539,2021/5/25,盤後
2540,2021/5/25,一般
2541,2021/5/26,盤後
2542,2021/5/26,一般
2543,2021/5/27,盤後
2544,2021/5/27,一般
2545,2021/5/28,盤後
2546,2021/5/28,一般
2547,2021/5/31,盤後
2548,2021/5/31,一般
2549,2021/6/1,盤後
2550,2021/6/1,一般
2551,2021/6/2,盤後
2552,2021/6/2,一般
2553,2021/6/3,盤後
2554,2021/6/3,一般
2555,2021/6/4,盤後
2556,2021/6/4,一般
2557,2021/6/7,盤後
2558,2021/6/7,一般
2559,2021/6/8,盤後
2560,2021/6/8,一般
2561,2021/6/9,盤後
2562,2021/6/9,一般
2563,2021/6/10,盤後
2564,2021/6/10,一般
2565,2021/6/11,盤後
2566,2021/6/11,一般
2567,2021/6/15,盤後
2568,2021/6/15,一般
2569,2021/6/16,盤後
2570,2021/6/16,一般
2571,2021/6/17,盤後
2572,2021/6/17,一般
2573,2021/6/18,盤後
2574,2021/6/18,一般
2575,2021/6/21,盤後
2576,2021/6/21,一般
2577,2021/6/22,盤後
2578,2021/6/22,一般
2579,2021/6/23,盤後
2580,2021/6/23,一般
2581,2021/6/24,盤後
2582,2021/6/24,一般
2583,2021/6/25,盤後
2584,2021/6/25,一般
2585,2021/6/28,盤後
2586,2021/6/28,一般
2587,2021/6/29,盤後
2588,2021/6/29,一般
2589,2021/6/30,盤後
2590,2021/6/30,一般
2591,2021/7/1,盤後
2592,2021/7/1,一般
2593,2021/7/2,盤後
2594,2021/7/2,一般
2595,2021/7/5,盤後
2596,2021/7/5,一般
2597,2021/7/6,盤後
2598,2021/7/6,一般
2599,2021/7/7,盤後
2600,2021/7/7,一般
2601,2021/7/8,盤後
2602,2021/7/8,一般
2603,2021/7/9,盤後
2604,2021/7/9,一般
2605,2021/7/12,盤後
2606,2021/7/12,一般
2607,2021/7/13,盤後
2608,2021/7/13,一般
2609,2021/7/14,盤後
2610,2021/7/14,一般
2611,2021/7/15,盤後
2612,2021/7/15,一般
2613,2021/7/16,盤後
2614,2021/7/16,一般
2615,2021/7/19,盤後
2616,2021/7/19,一般
2617,2021/7/20,盤後
2618,2021/7/20,一般
2619,2021/7/21,盤後
2620,2021/7/21,一般
2621,2021/7/22,盤後
2622,2021/7/22,一般
2623,2021/7/23,盤後
2624,2021/7/23,一般
2625,2021/7/26,盤後
2626,2021/7/26,一般
2627,2021/7/27,盤後
2628,2021/7/27,一般
2629,2021/7/28,盤後
2630,2021/7/28,一般
2631,2021/7/29,盤後
2632,2021/7/29,一般
2633,2021/7/30,盤後
2634,2021/7/30,一般
2635,2021/8/2,盤後
2636,2021/8/2,一般
2637,2021/8/3,盤後
2638,2021/8/3,一般
2639,2021/8/4,盤後
2640,2021/8/4,一般
2641,2021/8/5,盤後
2642,2021/8/5,一般
2643,2021/8/6,盤後
2644,2021/8/6,一般
2645,2021/8/9,盤後
2646,2021/8/9,一般
2647,2021/8/10,盤後
2648,2021/8/10,一般
2649,2021/8/11,盤後
2650,2021/8/11,一般
2651,2021/8/12,盤後
2652,2021/8/12,一般
2653,2021/8/13,盤後
2654,2021/8/13,一般
2655,2021/8/16,盤後
2656,2021/8/16,一般
2657,2021/8/17,盤後
2658,2021/8/17,一般
2659,2021/8/18,盤後
2660,2021/8/18,一般
2661,2021/8/19,盤後
2662,2021/8/19,一般
2663,2021/8/20,盤後
2664,2021/8/20,一般
2665,2021/8/23,盤後
2666,2021/8/23,一般
2667,2021/8/24,盤後
2668,2021/8/24,一般
2669,2021/8/25,盤後
2670,2021/8/25,一般
2671,2021/8/26,盤後
2672,2021/8/26,一般
2673,2021/8/27,盤後
2674,2021/8/27,一般
2675,2021/8/30,盤後
2676,2021/8/30,一般
2677,2021/8/31,盤後
2678,2021/8/31,一般
2679,2021/9/1,盤後
2680,2021/9/1,一般
2681,2021/9/2,盤後
2682,2021/9/2,一般
2683,2021/9/3,盤後
2684,2021/9/3,一般
2685,2021/9/6,盤後
2686,2021/9/6,一般
2687,2021/9/7,盤後
2688,2021/9/7,一般
2689,2021/9/8,盤後
2690,2021/9/8,一般
2691,2021/9/9,盤後
2692,2021/9/9,一般
2693,2021/9/10,盤後
2694,2021/9/10,一般
2695,2021/9/13,盤後
2696,2021/9/13,一般
2697,2021/9/14,盤後
2698,2021/9/14,一般
2699,2021/9/15,盤後
2700,2021/9/15,一般
2701,2021/9/16,盤後
2702,2021/9/16,一般
2703,2021/9/17,盤後
2704,2021/9/17,一般
2705,2021/9/22,盤後
2706,2021/9/22,一般
2707,2021/9/23,盤後
2708,2021/9/23,一般
2709,2021/9/24,盤後
2710,2021/9/24,一般
2711,2021/9/27,盤後
2712,2021/9/27,一般
2713,2021/9/28,盤後
2714,2021/9/28,一般
2715,2021/9/29,盤後
2716,2021/9/29,一般
2717,2021/9/30,盤後
2718,2021/9/30,一般
2719,2021/10/1,盤後
2720,2021/10/1,一般
2721,2021/10/4,盤後
2722,2021/10/4,一般
2723,2021/10/5,盤後
2724,2021/10/5,一般
2725,2021/10/6,盤後
2726,2021/10/6,一般
2727,2021/10/7,盤後
2728,2021/10/7,一般
2729,2021/10/8,盤後
2730,2021/10/8,一般
2731,2021/10/12,盤後
2732,2021/10/12,一般
2733,2021/10/13,盤後
2734,2021/10/13,一般
2735,2021/10/14,盤後
2736,2021/10/14,一般
2737,2021/10/15,盤後
2738,2021/10/15,一般
2739,2021/10/18,盤後
2740,2021/10/18,一般
2741,2021/10/19,盤後
2742,2021/10/19,一般
2743,2021/10/20,盤後
2744,2021/10/20,一般
2745,2021/10/21,盤後
2746,2021/10/21,一般
2747,2021/10/22,盤後
2748,2021/10/22,一般
2749,2021/10/25,盤後
2750,2021/10/25,一般
2751,2021/10/26,盤後
2752,2021/10/26,一般
2753,2021/10/27,盤後
2754,2021/10/27,一般
2755,2021/10/28,盤後
2756,2021/10/28,一般
2757,2021/10/29,盤後
2758,2021/10/29,一般
2759,2021/11/1,盤後
2760,2021/11/1,一般
2761,2021/11/2,盤後
2762,2021/11/2,一般
2763,2021/11/3,盤後
2764,2021/11/3,一般
2765,2021/11/4,盤後
2766,2021/11/4,一般
2767,2021/11/5,盤後
2768,2021/11/5,一般
2769,2021/11/8,盤後
2770,2021/11/8,一般
2771,2021/11/9,盤後
2772,2021/11/9,一般
2773,2021/11/10,盤後
2774,2021/11/10,一般
2775,2021/11/11,盤後
2776,2021/11/11,一般
2777,2021/11/12,盤後
2778,2021/11/12,一般
2779,2021/11/15,盤後
2780,2021/11/15,一般
2781,2021/11/16,盤後
2782,2021/11/16,一般
2783,2021/11/17,盤後
2784,2021/11/17,一般
2785,2021/11/18,盤後
2786,2021/11/18,一般
2787,2021/11/19,盤後
2788,2021/11/19,一般
2789,2021/11/22,盤後
2790,2021/11/22,一般
2791,2021/11/23,盤後
2792,2021/11/23,一般
2793,2021/11/24,盤後
2794,2021/11/24,一般
2795,2021/11/25,盤後
2796,2021/11/25,一般
2797,2021/11/26,盤後
2798,2021/11/26,一般
2799,2021/11/29,盤後
2800,2021/11/29,一般
2801,2021/11/30,盤後
2802,2021/11/30,一般
2803,2021/12/1,盤後
2804,2021/12/1,一般
2805,2021/12/2,盤後
2806,2021/12/2,一般
2807,2021/12/3,盤後
2808,2021/12/3,一般
2809,2021/12/6,盤後
2810,2021/12/6,一般
2811,2021/12/7,盤後
2812,2021/12/7,一般
2813,2021/12/8,盤後
2814,2021/12/8,一般
2815,2021/12/9,盤後
2816,2021/12/9,一般
2817,2021/12/10,盤後
2818,2021/12/10,一般
2819,2021/12/13,盤後
2820,2021/12/13,一般
2821,2021/12/14,盤後
2822,2021/12/14,一般
2823,2021/12/15,盤後
2824,2021/12/15,一般
2825,2021/12/16,盤後
2826,2021/12/16,一般
2827,2021/12/17,盤後
2828,2021/12/17,一般
2829,2021/12/20,盤後
2830,2021/12/20,一般
2831,2021/12/21,盤後
2832,2021/12/21,一般
2833,2021/12/22,盤後
2834,2021/12/22,一般
2835,2021/12/23,盤後
2836,2021/12/23,一般
2837,2021/12/24,盤後
2838,2021/12/24,一般
2839,2021/12/27,盤後
2840,2021/12/27,一般
2841,2021/12/28,盤後
2842,2021/12/28,一般
2843,2021/12/29,盤後
2844,2021/12/29,一般
2845,2021/12/30,盤後
2846,2021/12/30,一般
2847,2022/1/3,盤後
2848,2022/1/3,一般
2849,2022/1/4,盤後
2850,2022/1/4,一般
2851,2022/1/5,盤後
2852,2022/1/5,一般
2853,2022/1/6,盤後
2854,2022/1/6,一般
2855,2022/1/7,盤後
2856,2022/1/7,一般
2857,2022/1/10,盤後
2858,2022/1/10,一般
2859,2022/1/11,盤後
2860,2022/1/11,一般
2861,2022/1/12,盤後
2862,2022/1/12,一般
2863,2022/1/13,盤後
2864,2022/1/13,一般
2865,2022/1/14,盤後
2866,2022/1/14,一般
2867,2022/1/17,盤後
2868,2022/1/17,一般
2869,2022/1/18,盤後
2870,2022/1/18,一般
2871,2022/1/19,盤後
2872,2022/1/19,一般
2873,2022/1/20,盤後
2874,2022/1/20,一般
2875,2022/1/21,盤後
2876,2022/1/21,一般
2877,2022/1/24,盤後
2878,2022/1/24,一般
2879,2022/1/25,盤後
2880,2022/1/25,一般
2881,2022/1/26,盤後
2882,2022/1/26,一般
2883,2022/2/7,盤後
2884,2022/2/7,一般
2885,2022/2/8,盤後
2886,2022/2/8,一般
2887,2022/2/9,盤後
2888,2022/2/9,一般
2889,2022/2/10,盤後
2890,2022/2/10,一般
2891,2022/2/11,盤後
2892,2022/2/11,一般
2893,2022/2/14,盤後
2894,2022/2/14,一般
2895,2022/2/15,盤後
2896,2022/2/15,一般
2897,2022/2/16,盤後
2898,2022/2/16,一般
2899,2022/2/17,盤後
2900,2022/2/17,一般
2901,2022/2/18,盤後
2902,2022/2/18,一般
2903,2022/2/21,盤後
2904,2022/2/21,一般
2905,2022/2/22,盤後
2906,2022/2/22,一般
2907,2022/2/23,盤後
2908,2022/2/23,一般
2909,2022/2/24,盤後
2910,2022/2/24,一般
2911,2022/2/25,盤後
2912,2022/2/25,一般
2913,2022/3/1,盤後
2914,2022/3/1,一般
2915,2022/3/2,盤後
2916,2022/3/2,一般
2917,2022/3/3,盤後
2918,2022/3/3,一般
2919,2022/3/4,盤後
2920,2022/3/4,一般
2921,2022/3/7,盤後
2922,2022/3/7,一般
2923,2022/3/8,盤後
2924,2022/3/8,一般
2925,2022/3/9,盤後
2926,2022/3/9,一般
2927,2022/3/10,盤後
2928,2022/3/10,一般
2929,2022/3/11,盤後
2930,2022/3/11,一般
2931,2022/3/14,盤後
2932,2022/3/14,一般
2933,2022/3/15,盤後
2934,2022/3/15,一般
2935,2022/3/16,盤後
2936,2022/3/16,一般
2937,2022/3/17,盤後
2938,2022/3/17,一般
2939,2022/3/18,盤後
2940,2022/3/18,一般
2941,2022/3/21,盤後
2942,2022/3/21,一般
2943,2022/3/22,盤後
2944,2022/3/22,一般
2945,2022/3/23,盤後
2946,2022/3/23,一般
2947,2022/3/24,盤後
2948,2022/3/24,一般
2949,2022/3/25,盤後
2950,2022/3/25,一般
2951,2022/3/28,盤後
2952,2022/3/28,一般
2953,2022/3/29,盤後
2954,2022/3/29,一般
2955,2022/3/30,盤後
2956,2022/3/30,一般
2957,2022/3/31,盤後
2958,2022/3/31,一般
2959,2022/4/1,盤後
2960,2022/4/1,一般
2961,2022/4/6,盤後
2962,2022/4/6,一般
2963,2022/4/7,盤後
2964,2022/4/7,一般
2965,2022/4/8,盤後
2966,2022/4/8,一般
2967,2022/4/11,盤後
2968,2022/4/11,一般
2969,2022/4/12,盤後
2970,2022/4/12,一般
2971,2022/4/13,盤後
2972,2022/4/13,一般
2973,2022/4/14,盤後
2974,2022/4/14,一般
2975,2022/4/15,盤後
2976,2022/4/15,一般
2977,2022/4/18,盤後
2978,2022/4/18,一般
2979,2022/4/19,盤後
2980,2022/4/19,一般
2981,2022/4/20,盤後
2982,2022/4/20,一般
2983,2022/4/21,盤後
2984,2022/4/21,一般
2985,2022/4/22,盤後
2986,2022/4/22,一般
2987,2022/4/25,盤後
2988,2022/4/25,一般
2989,2022/4/26,盤後
2990,2022/4/26,一般
2991,2022/4/27,盤後
2992,2022/4/27,一般
2993,2022/4/28,盤後
2994,2022/4/28,一般
2995,2022/4/29,盤後
2996,2022/4/29,一般
2997,2022/5/3,盤後
2998,2022/5/3,一般
2999,2022/5/4,盤後
3000,2022/5/4,一般
3001,2022/5/5,盤後
3002,2022/5/5,一般
3003,2022/5/6,盤後
3004,2022/5/6,一般
3005,2022/5/9,盤後
3006,2022/5/9,一般
3007,2022/5/10,盤後
3008,2022/5/10,一般
3009,2022/5/11,盤後
3010,2022/5/11,一般
3011,2022/5/12,盤後
3012,2022/5/12,一般
3013,2022/5/13,盤後
3014,2022/5/13,一般
3015,2022/5/16,盤後
3016,2022/5/16,一般
3017,2022/5/17,盤後
3018,2022/5/17,一般
3019,2022/5/18,盤後
3020,2022/5/18,一般
3021,2022/5/19,盤後
3022,2022/5/19,一般
3023,2022/5/20,盤後
3024,2022/5/20,一般
3025,2022/5/23,盤後
3026,2022/5/23,一般
3027,2022/5/24,盤後
3028,2022/5/24,一般
3029,2022/5/25,盤後
3030,2022/5/25,一般
3031,2022/5/26,盤後
3032,2022/5/26,一般
3033,2022/5/27,盤後
3034,2022/5/27,一般
3035,2022/5/30,盤後
3036,2022/5/30,一般
3037,2022/5/31,盤後
3038,2022/5/31,一般
3039,2022/6/1,盤後
3040,2022/6/1,一般
3041,2022/6/2,盤後
3042,2022/6/2,一般
3043,2022/6/6,盤後
3044,2022/6/6,一般
3045,2022/6/7,盤後
3046,2022/6/7,一般
3047,2022/6/8,盤後
3048,2022/6/8,一般
3049,2022/6/9,盤後
3050,2022/6/9,一般
3051,2022/6/10,盤後
3052,2022/6/10,一般
3053,2022/6/13,盤後
3054,2022/6/13,一般
3055,2022/6/14,盤後
3056,2022/6/14,一般
3057,2022/6/15,盤後
3058,2022/6/15,一般
3059,2022/6/16,盤後
3060,2022/6/16,一般
3061,2022/6/17,盤後
3062,2022/6/17,一般
3063,2022/6/20,盤後
3064,2022/6/20,一般
3065,2022/6/21,盤後
3066,2022/6/21,一般
3067,2022/6/22,盤後
3068,2022/6/22,一般
3069,2022/6/23,盤後
3070,2022/6/23,一般
3071,2022/6/24,盤後
3072,2022/6/24,一般
3073,2022/6/27,盤後
3074,2022/6/27,一般
3075,2022/6/28,盤後
3076,2022/6/28,一般
3077,2022/6/29,盤後
3078,2022/6/29,一般
3079,2022/6/30,盤後
3080,2022/6/30,一般
3081,2022/7/1,盤後
3082,2022/7/1,一般
3083,2022/7/4,盤後
3084,2022/7/4,一般
3085,2022/7/5,盤後
3086,2022/7/5,一般
3087,2022/7/6,盤後
3088,2022/7/6,一般
3089,2022/7/7,盤後
3090,2022/7/7,一般
3091,2022/7/8,盤後
3092,2022/7/8,一般
3093,2022/7/11,盤後
3094,2022/7/11,一般
3095,2022/7/12,盤後
3096,2022/7/12,一般
3097,2022/7/13,盤後
3098,2022/7/13,一般
3099,2022/7/14,盤後
3100,2022/7/14,一般
3101,2022/7/15,盤後
3102,2022/7/15,一般
3103,2022/7/18,盤後
3104,2022/7/18,一般
3105,2022/7/19,盤後
3106,2022/7/19,一般
3107,2022/7/20,盤後
3108,2022/7/20,一般
3109,2022/7/21,盤後
3110,2022/7/21,一般
3111,2022/7/22,盤後
3112,2022/7/22,一般
3113,2022/7/25,盤後
3114,2022/7/25,一般
3115,2022/7/26,盤後
3116,2022/7/26,一般
3117,2022/7/27,盤後
3118,2022/7/27,一般
3119,2022/7/28,盤後
3120,2022/7/28,一般
3121,2022/7/29,盤後
3122,2022/7/29,一般
3123,2022/8/1,盤後
3124,2022/8/1,一般
3125,2022/8/2,盤後
3126,2022/8/2,一般
3127,2022/8/3,盤後
3128,2022/8/3,一般
3129,2022/8/4,盤後
3130,2022/8/4,一般
3131,2022/8/5,盤後
3132,2022/8/5,一般
3133,2022/8/8,盤後
3134,2022/8/8,一般
3135,2022/8/9,盤後
3136,2022/8/9,一般
3137,2022/8/10,盤後
3138,2022/8/10,一般
3139,2022/8/11,盤後
3140,2022/8/11,一般
3141,2022/8/12,盤後
3142,2022/8/12,一般
3143,2022/8/15,盤後
3144,2022/8/15,一般
3145,2022/8/16,盤後
3146,2022/8/16,一般
3147,2022/8/17,盤後
3148,2022/8/17,一般
3149,2022/8/18,盤後
3150,2022/8/18,一般
3151,2022/8/19,盤後
3152,2022/8/19,一般
3153,2022/8/22,盤後
3154,2022/8/22,一般
3155,2022/8/23,盤後
3156,2022/8/23,一般
3157,2022/8/24,盤後
3158,2022/8/24,一般
3159,2022/8/25,盤後
3160,2022/8/25,一般
3161,2022/8/26,盤後
3162,2022/8/26,一般
3163,2022/8/29,盤後
3164,2022/8/29,一般
3165,2022/8/30,盤後
3166,2022/8/30,一般
3167,2022/8/31,盤後
3168,2022/8/31,一般
3169,2022/9/1,盤後
3170,2022/9/1,一般
3171,2022/9/2,盤後
3172,2022/9/2,一般
3173,2022/9/5,盤後
3174,2022/9/5,一般
3175,2022/9/6,盤後
3176,2022/9/6,一般
3177,2022/9/7,盤後
3178,2022/9/7,一般
3179,2022/9/8,盤後
3180,2022/9/8,一般
3181,2022/9/12,盤後
3182,2022/9/12,一般
3183,2022/9/13,盤後
3184,2022/9/13,一般
3185,2022/9/14,盤後
3186,2022/9/14,一般
3187,2022/9/15,盤後
3188,2022/9/15,一般
3189,2022/9/16,盤後
3190,2022/9/16,一般
3191,2022/9/19,盤後
3192,2022/9/19,一般
3193,2022/9/20,盤後
3194,2022/9/20,一般
3195,2022/9/21,盤後
3196,2022/9/21,一般
3197,2022/9/22,盤後
3198,2022/9/22,一般
3199,2022/9/23,盤後
3200,2022/9/23,一般
3201,2022/9/26,盤後
3202,2022/9/26,一般
3203,2022/9/27,盤後
3204,2022/9/27,一般
3205,2022/9/28,盤後
3206,2022/9/28,一般
3207,2022/9/29,盤後
3208,2022/9/29,一般
3209,2022/9/30,盤後
3210,2022/9/30,一般
3211,2022/10/3,盤後
3212,2022/10/3,一般
3213,2022/10/4,盤後
3214,2022/10/4,一般
3215,2022/10/5,盤後
3216,2022/10/5,一般
3217,2022/10/6,盤後
3218,2022/10/6,一般
3219,2022/10/7,盤後
3220,2022/10/7,一般
3221,2022/10/11,盤後
3222,2022/10/11,一般
3223,2022/10/12,盤後
3224,2022/10/12,一般
3225,2022/10/13,盤後
3226,2022/10/13,一般
3227,2022/10/14,盤後
3228,2022/10/14,一般
3229,2022/10/17,盤後
3230,2022/10/17,一般
3231,2022/10/18,盤後
3232,2022/10/18,一般
3233,2022/10/19,盤後
3234,2022/10/19,一般
3235,2022/10/20,盤後
3236,2022/10/20,一般
3237,2022/10/21,盤後
3238,2022/10/21,一般
3239,2022/10/24,盤後
3240,2022/10/24,一般
3241,2022/10/25,盤後
3242,2022/10/25,一般
3243,2022/10/26,盤後
3244,2022/10/26,一般
3245,2022/10/27,盤後
3246,2022/10/27,一般
3247,2022/10/28,盤後
3248,2022/10/28,一般
3249,2022/10/31,盤後
3250,2022/10/31,一般
3251,2022/11/1,盤後
3252,2022/11/1,一般
3253,2022/11/2,盤後
3254,2022/11/2,一般
3255,2022/11/3,盤後
3256,2022/11/3,一般
3257,2022/11/4,盤後
3258,2022/11/4,一般
3259,2022/11/7,盤後
3260,2022/11/7,一般
3261,2022/11/8,盤後
3262,2022/11/8,一般
3263,2022/11/9,盤後
3264,2022/11/10,盤後
3265,2022/11/10,一般
3266,2022/11/11,盤後
3267,2022/11/11,一般
3268,2022/11/14,盤後
3269,2022/11/14,一般
3270,2022/11/15,盤後
3271,2022/11/15,一般
3272,2022/11/16,盤後
3273,2022/11/17,盤後
3274,2022/11/17,一般
3275,2022/11/18,盤後
3276,2022/11/18,一般
3277,2022/11/21,盤後
3278,2022/11/21,一般
3279,2022/11/22,盤後
3280,2022/11/22,一般
3281,2022/11/23,盤後
3282,2022/11/24,盤後
3283,2022/11/24,一般
3284,2022/11/25,盤後
3285,2022/11/25,一般
3286,2022/11/28,盤後
3287,2022/11/28,一般
3288,2022/11/29,盤後
3289,2022/11/29,一般
3290,2022/11/30,盤後
3291,2022/12/1,盤後
3292,2022/12/1,一般
3293,2022/12/2,盤後
3294,2022/12/2,一般
3295,2022/12/5,盤後
3296,2022/12/5,一般
3297,2022/12/6,盤後
3298,2022/12/6,一般
3299,2022/12/7,盤後
3300,2022/12/7,一般
3301,2022/12/8,盤後
3302,2022/12/8,一般
3303,2022/12/9,盤後
3304,2022/12/9,一般
3305,2022/12/12,盤後
3306,2022/12/12,一般
3307,2022/12/13,盤後
3308,2022/12/13,一般
3309,2022/12/14,盤後
3310,2022/12/15,盤後
3311,2022/12/15,一般
3312,2022/12/16,盤後
3313,2022/12/16,一般
3314,2022/12/19,盤後
3315,2022/12/19,一般
3316,2022/12/20,盤後
3317,2022/12/20,一般
3318,2022/12/21,盤後
3319,2022/12/22,盤後
3320,2022/12/22,一般
3321,2022/12/23,盤後
3322,2022/12/23,一般
3323,2022/12/26,盤後
3324,2022/12/26,一般
3325,2022/12/27,盤後
3326,2022/12/27,一般
3327,2022/12/28,盤後
3328,2022/12/29,盤後
3329,2022/12/29,一般
3330,2022/12/30,盤後
3331,2022/12/30,一般
3332,2023/1/3,盤後
3333,2023/1/3,一般
3334,2023/1/4,盤後
3335,2023/1/4,一般
3336,2023/1/5,盤後
3337,2023/1/5,一般
3338,2023/1/6,盤後
3339,2023/1/6,一般
3340,2023/1/9,盤後
3341,2023/1/9,一般
3342,2023/1/10,盤後
3343,2023/1/10,一般
3344,2023/1/11,盤後
3345,2023/1/11,一般
3346,2023/1/12,盤後
3347,2023/1/12,一般
3348,2023/1/13,盤後
3349,2023/1/13,一般
3350,2023/1/16,盤後
3351,2023/1/16,一般
3352,2023/1/17,盤後
3353,2023/1/17,一般
3354,2023/1/30,盤後
3355,2023/1/31,盤後
3356,2023/1/31,一般
3357,2023/2/1,盤後
3358,2023/2/1,一般
3359,2023/2/2,盤後
3360,2023/2/2,一般
3361,2023/2/3,盤後
3362,2023/2/3,一般
3363,2023/2/6,盤後
3364,2023/2/6,一般
3365,2023/2/7,盤後
3366,2023/2/7,一般
3367,2023/2/8,盤後
3368,2023/2/9,盤後
3369,2023/2/9,一般
3370,2023/2/10,盤後
3371,2023/2/10,一般
3372,2023/2/13,盤後
3373,2023/2/13,一般
3374,2023/2/14,盤後
3375,2023/2/14,一般
3376,2023/2/15,盤後
3377,2023/2/16,盤後
3378,2023/2/16,一般
3379,2023/2/17,盤後
3380,2023/2/17,一般
3381,2023/2/20,盤後
3382,2023/2/20,一般
3383,2023/2/21,盤後
3384,2023/2/21,一般
3385,2023/2/22,盤後
3386,2023/2/23,盤後
3387,2023/2/23,一般
3388,2023/2/24,盤後
3389,2023/2/24,一般
3390,2023/3/1,盤後
3391,2023/3/1,一般
3392,2023/3/2,盤後
3393,2023/3/2,一般
3394,2023/3/3,盤後
3395,2023/3/3,一般
3396,2023/3/6,盤後
3397,2023/3/6,一般
3398,2023/3/7,盤後
3399,2023/3/7,一般
3400,2023/3/8,盤後
3401,2023/3/9,盤後
3402,2023/3/9,一般
3403,2023/3/10,盤後
3404,2023/3/10,一般
3405,2023/3/13,盤後
3406,2023/3/13,一般
3407,2023/3/14,盤後
3408,2023/3/14,一般
3409,2023/3/15,盤後
3410,2023/3/16,盤後
3411,2023/3/16,一般
3412,2023/3/17,盤後
3413,2023/3/17,一般
3414,2023/3/20,盤後
3415,2023/3/20,一般
3416,2023/3/21,盤後
3417,2023/3/21,一般
3418,2023/3/22,盤後
3419,2023/3/23,盤後
3420,2023/3/23,一般
3421,2023/3/24,盤後
3422,2023/3/24,一般
3423,2023/3/27,盤後
3424,2023/3/27,一般
3425,2023/3/28,盤後
3426,2023/3/28,一般
3427,2023/3/29,盤後
3428,2023/3/30,盤後
3429,2023/3/30,一般
3430,2023/3/31,盤後
3431,2023/3/31,一般
3432,2023/4/6,盤後
3433,2023/4/6,一般
3434,2023/4/7,盤後
3435,2023/4/7,一般
3436,2023/4/10,盤後
3437,2023/4/10,一般
3438,2023/4/11,盤後
3439,2023/4/11,一般
3440,2023/4/12,盤後
3441,2023/4/13,盤後
3442,2023/4/13,一般
3443,2023/4/14,盤後
3444,2023/4/14,一般
3445,2023/4/17,盤後
3446,2023/4/17,一般
3447,2023/4/18,盤後
3448,2023/4/18,一般
3449,2023/4/19,盤後
3450,2023/4/20,盤後
3451,2023/4/20,一般
3452,2023/4/21,盤後
3453,2023/4/21,一般
3454,2023/4/24,盤後
3455,2023/4/24,一般
3456,2023/4/25,盤後
3457,2023/4/25,一般
3458,2023/4/26,盤後
3459,2023/4/27,盤後
3460,2023/4/27,一般
3461,2023/4/28,盤後
3462,2023/4/28,一般
3463,2023/5/2,盤後
3464,2023/5/2,一般
3465,2023/5/3,盤後
3466,2023/5/3,一般
3467,2023/5/4,盤後
3468,2023/5/4,一般
3469,2023/5/5,盤後
3470,2023/5/5,一般
3471,2023/5/8,盤後
3472,2023/5/8,一般
3473,2023/5/9,盤後
3474,2023/5/9,一般
3475,2023/5/10,盤後
3476,2023/5/11,盤後
3477,2023/5/11,一般
3478,2023/5/12,盤後
3479,2023/5/12,一般
3480,2023/5/15,盤後
3481,2023/5/15,一般
3482,2023/5/16,盤後
3483,2023/5/16,一般
3484,2023/5/17,盤後
3485,2023/5/18,盤後
3486,2023/5/18,一般
3487,2023/5/19,盤後
3488,2023/5/19,一般
3489,2023/5/22,盤後
3490,2023/5/22,一般
3491,2023/5/23,盤後
3492,2023/5/23,一般
3493,2023/5/24,盤後
3494,2023/5/25,盤後
3495,2023/5/25,一般
3496,2023/5/26,盤後
3497,2023/5/26,一般
3498,2023/5/29,盤後
3499,2023/5/29,一般
3500,2023/5/30,盤後
3501,2023/5/30,一般
3502,2023/5/31,盤後
3503,2023/6/1,盤後
3504,2023/6/1,一般
3505,2023/6/2,盤後
3506,2023/6/2,一般
3507,2023/6/5,盤後
3508,2023/6/5,一般
3509,2023/6/6,盤後
3510,2023/6/6,一般
3511,2023/6/7,盤後
3512,2023/6/7,一般
3513,2023/6/8,盤後
3514,2023/6/8,一般
3515,2023/6/9,盤後
3516,2023/6/9,一般
3517,2023/6/12,盤後
3518,2023/6/12,一般
3519,2023/6/13,盤後
3520,2023/6/13,一般
3521,2023/6/14,盤後
3522,2023/6/15,盤後
3523,2023/6/15,一般
3524,2023/6/16,盤後
3525,2023/6/16,一般
3526,2023/6/19,盤後
3527,2023/6/19,一般
3528,2023/6/20,盤後
3529,2023/6/20,一般
3530,2023/6/21,盤後
3531,2023/6/26,盤後
3532,2023/6/26,一般
3533,2023/6/27,盤後
3534,2023/6/27,一般
3535,2023/6/28,盤後
3536,2023/6/29,盤後
3537,2023/6/29,一般
3538,2023/6/30,盤後
3539,2023/6/30,一般
3540,2023/7/3,盤後
3541,2023/7/3,一般
3542,2023/7/4,盤後
3543,2023/7/4,一般
3544,2023/7/5,盤後
3545,2023/7/5,一般
3546,2023/7/6,盤後
3547,2023/7/6,一般
3548,2023/7/7,盤後
3549,2023/7/7,一般
3550,2023/7/10,盤後
3551,2023/7/10,一般
3552,2023/7/11,盤後
3553,2023/7/11,一般
3554,2023/7/12,盤後
3555,2023/7/13,盤後
3556,2023/7/13,一般
3557,2023/7/14,盤後
3558,2023/7/14,一般
3559,2023/7/17,盤後
3560,2023/7/17,一般
3561,2023/7/18,盤後
3562,2023/7/18,一般
3563,2023/7/19,盤後
3564,2023/7/20,盤後
3565,2023/7/20,一般
3566,2023/7/21,盤後
3567,2023/7/21,一般
3568,2023/7/24,盤後
3569,2023/7/24,一般
3570,2023/7/25,盤後
3571,2023/7/25,一般
3572,2023/7/26,盤後
3573,2023/7/27,盤後
3574,2023/7/27,一般
3575,2023/7/28,盤後
3576,2023/7/28,一般
3577,2023/7/31,盤後
3578,2023/7/31,一般
3579,2023/8/1,盤後
3580,2023/8/1,一般
3581,2023/8/2,盤後
3582,2023/8/2,一般
3583,2023/8/4,盤後
3584,2023/8/4,一般
3585,2023/8/7,盤後
3586,2023/8/7,一般
3587,2023/8/8,盤後
3588,2023/8/8,一般
3589,2023/8/9,盤後
3590,2023/8/10,盤後
3591,2023/8/10,一般
3592,2023/8/11,盤後
3593,2023/8/11,一般
3594,2023/8/14,盤後
3595,2023/8/14,一般
3596,2023/8/15,盤後
3597,2023/8/15,一般
3598,2023/8/16,盤後
3599,2023/8/17,盤後
3600,2023/8/17,一般
3601,2023/8/18,盤後
3602,2023/8/18,一般
3603,2023/8/21,盤後
3604,2023/8/21,一般
3605,2023/8/22,盤後
3606,2023/8/22,一般
3607,2023/8/23,盤後
3608,2023/8/24,盤後
3609,2023/8/24,一般
3610,2023/8/25,盤後
3611,2023/8/25,一般
3612,2023/8/28,盤後
3613,2023/8/28,一般
3614,2023/8/29,盤後
3615,2023/8/29,一般
3616,2023/8/30,盤後
3617,2023/8/31,盤後
3618,2023/8/31,一般
3619,2023/9/1,盤後
3620,2023/9/1,一般
3621,2023/9/4,盤後
3622,2023/9/4,一般
3623,2023/9/5,盤後
3624,2023/9/5,一般
3625,2023/9/6,盤後
3626,2023/9/6,一般
3627,2023/9/7,盤後
3628,2023/9/7,一般
3629,2023/9/8,盤後
3630,2023/9/8,一般
3631,2023/9/11,盤後
3632,2023/9/11,一般
3633,2023/9/12,盤後
3634,2023/9/12,一般
3635,2023/9/13,盤後
3636,2023/9/14,盤後
3637,2023/9/14,一般
3638,2023/9/15,盤後
3639,2023/9/15,一般
3640,2023/9/18,盤後
3641,2023/9/18,一般
3642,2023/9/19,盤後
3643,2023/9/19,一般
3644,2023/9/20,盤後
3645,2023/9/21,盤後
3646,2023/9/21,一般
3647,2023/9/22,盤後
3648,2023/9/22,一般
3649,2023/9/25,盤後
3650,2023/9/25,一般
3651,2023/9/26,盤後
3652,2023/9/26,一般
3653,2023/9/27,盤後
3654,2023/9/28,盤後
3655,2023/9/28,一般
3656,2023/10/2,盤後
3657,2023/10/2,一般
3658,2023/10/3,盤後
3659,2023/10/3,一般
3660,2023/10/4,盤後
3661,2023/10/4,一般
3662,2023/10/5,盤後
3663,2023/10/5,一般
3664,2023/10/6,盤後
3665,2023/10/6,一般
3666,2023/10/11,盤後
3667,2023/10/12,盤後
3668,2023/10/12,一般
3669,2023/10/13,盤後
3670,2023/10/13,一般
3671,2023/10/16,盤後
3672,2023/10/16,一般
3673,2023/10/17,盤後
3674,2023/10/17,一般
3675,2023/10/18,盤後
3676,2023/10/19,盤後
3677,2023/10/19,一般
3678,2023/10/20,盤後
3679,2023/10/20,一般
3680,2023/10/23,盤後
3681,2023/10/23,一般
3682,2023/10/24,盤後
3683,2023/10/24,一般
3684,2023/10/25,盤後
3685,2023/10/26,盤後
3686,2023/10/26,一般
3687,2023/10/27,盤後
3688,2023/10/27,一般
3689,2023/10/30,盤後
3690,2023/10/30,一般
3691,2023/10/31,盤後
3692,2023/10/31,一般
3693,2023/11/1,盤後
3694,2023/11/1,一般
3695,2023/11/2,盤後
3696,2023/11/2,一般
3697,2023/11/3,盤後
3698,2023/11/3,一般
3699,2023/11/6,盤後
3700,2023/11/6,一般
3701,2023/11/7,盤後
3702,2023/11/7,一般
3703,2023/11/8,盤後
3704,2023/11/9,盤後
3705,2023/11/9,一般
3706,2023/11/10,盤後
3707,2023/11/10,一般
3708,2023/11/13,盤後
3709,2023/11/13,一般
3710,2023/11/14,盤後
3711,2023/11/14,一般
3712,2023/11/15,盤後
3713,2023/11/16,盤後
3714,2023/11/16,一般
3715,2023/11/17,盤後
3716,2023/11/17,一般
3717,2023/11/20,盤後
3718,2023/11/20,一般
3719,2023/11/21,盤後
3720,2023/11/21,一般
3721,2023/11/22,盤後
3722,2023/11/23,盤後
3723,2023/11/23,一般
3724,2023/11/24,盤後
3725,2023/11/24,一般
3726,2023/11/27,盤後
3727,2023/11/27,一般
3728,2023/11/28,盤後
3729,2023/11/28,一般
3730,2023/11/29,盤後
3731,2023/11/30,盤後
3732,2023/11/30,一般
3733,2023/12/1,盤後
3734,2023/12/1,一般
3735,2023/12/4,盤後
3736,2023/12/4,一般
3737,2023/12/5,盤後
3738,2023/12/5,一般
3739,2023/12/6,盤後
3740,2023/12/6,一般
3741,2023/12/7,盤後
3742,2023/12/7,一般
3743,2023/12/8,盤後
3744,2023/12/8,一般
3745,2023/12/11,盤後
3746,2023/12/11,一般
3747,2023/12/12,盤後
3748,2023/12/12,一般
3749,2023/12/13,盤後
3750,2023/12/14,盤後
3751,2023/12/14,一般
3752,2023/12/15,盤後
3753,2023/12/15,一般
3754,2023/12/18,盤後
3755,2023/12/18,一般
3756,2023/12/19,盤後
3757,2023/12/19,一般
3758,2023/12/20,盤後
3759,2023/12/21,盤後
3760,2023/12/21,一般
3761,2023/12/22,盤後
3762,2023/12/22,一般
3763,2023/12/25,盤後
3764,2023/12/25,一般
3765,2023/12/26,盤後
3766,2023/12/26,一般
3767,2023/12/27,盤後
3768,2023/12/28,盤後
3769,2023/12/28,一般
3770,2023/12/29,盤後
3771,2023/12/29,一般
3772,2024/1/2,盤後
3773,2024/1/2,一般
3774,2024/1/3,盤後
3775,2024/1/3,一般
3776,2024/1/4,盤後
3777,2024/1/4,一般
3778,2024/1/5,盤後
3779,2024/1/5,一般
3780,2024/1/8,盤後
3781,2024/1/8,一般
3782,2024/1/9,盤後
3783,2024/1/9,一般
3784,2024/1/10,盤後
3785,2024/1/11,盤後
3786,2024/1/11,一般
3787,2024/1/12,盤後
3788,2024/1/12,一般
3789,2024/1/15,盤後
3790,2024/1/15,一般
3791,2024/1/16,盤後
3792,2024/1/16,一般
3793,2024/1/17,盤後
3794,2024/1/18,盤後
3795,2024/1/18,一般
3796,2024/1/19,盤後
3797,2024/1/19,一般
3798,2024/1/22,盤後
3799,2024/1/22,一般
3800,2024/1/23,盤後
3801,2024/1/23,一般
3802,2024/1/24,盤後
3803,2024/1/25,盤後
3804,2024/1/25,一般
3805,2024/1/26,盤後
3806,2024/1/26,一般
3807,2024/1/29,盤後
3808,2024/1/29,一般
3809,2024/1/30,盤後
3810,2024/1/30,一般
3811,2024/1/31,盤後
3812,2024/1/31,一般
3813,2024/2/1,盤後
3814,2024/2/1,一般
3815,2024/2/2,盤後
3816,2024/2/2,一般
3817,2024/2/5,盤後
3818,2024/2/5,一般
3819,2024/2/15,盤後
3820,2024/2/16,盤後
3821,2024/2/16,一般
3822,2024/2/19,盤後
3823,2024/2/19,一般
3824,2024/2/20,盤後
3825,2024/2/20,一般
3826,2024/2/21,盤後
3827,2024/2/22,盤後
3828,2024/2/22,一般
3829,2024/2/23,盤後
3830,2024/2/23,一般
3831,2024/2/26,盤後
3832,2024/2/26,一般
3833,2024/2/27,盤後
3834,2024/2/27,一般
3835,2024/2/29,盤後
3836,2024/3/1,盤後
3837,2024/3/1,一般
3838,2024/3/4,盤後
3839,2024/3/4,一般
3840,2024/3/5,盤後
3841,2024/3/5,一般
3842,2024/3/6,盤後
3843,2024/3/6,一般
3844,2024/3/7,盤後
3845,2024/3/7,一般
3846,2024/3/8,盤後
3847,2024/3/8,一般
3848,2024/3/11,盤後
3849,2024/3/11,一般
3850,2024/3/12,盤後
3851,2024/3/12,一般
3852,2024/3/13,盤後
3853,2024/3/14,盤後
3854,2024/3/14,一般
3855,2024/3/15,盤後
3856,2024/3/15,一般
3857,2024/3/18,盤後
3858,2024/3/18,一般
3859,2024/3/19,盤後
3860,2024/3/19,一般
3861,2024/3/20,盤後
3862,2024/3/21,盤後
3863,2024/3/21,一般
3864,2024/3/22,盤後
3865,2024/3/22,一般
3866,2024/3/25,盤後
3867,2024/3/25,一般
3868,2024/3/26,盤後
3869,2024/3/26,一般
3870,2024/3/27,盤後
3871,2024/3/28,盤後
3872,2024/3/28,一般
3873,2024/3/29,盤後
3874,2024/3/29,一般
3875,2024/4/1,盤後
3876,2024/4/1,一般
3877,2024/4/2,盤後
3878,2024/4/2,一般
3879,2024/4/3,盤後
3880,2024/4/3,一般
3881,2024/4/8,盤後
3882,2024/4/8,一般
3883,2024/4/9,盤後
3884,2024/4/9,一般
3885,2024/4/10,盤後
3886,2024/4/11,盤後
3887,2024/4/11,一般
3888,2024/4/12,盤後
3889,2024/4/12,一般
3890,2024/4/15,盤後
3891,2024/4/15,一般
3892,2024/4/16,盤後
3893,2024/4/16,一般
3894,2024/4/17,盤後
3895,2024/4/18,盤後
3896,2024/4/18,一般
3897,2024/4/19,盤後
3898,2024/4/19,一般
3899,2024/4/22,盤後
3900,2024/4/22,一般
3901,2024/4/23,盤後
3902,2024/4/23,一般
3903,2024/4/24,盤後
3904,2024/4/25,盤後
3905,2024/4/25,一般
3906,2024/4/26,盤後
3907,2024/4/26,一般
3908,2024/4/29,盤後
3909,2024/4/29,一般
3910,2024/4/30,盤後
3911,2024/4/30,一般
3912,2024/5/2,盤後
3913,2024/5/2,一般
3914,2024/5/3,盤後
3915,2024/5/3,一般
3916,2024/5/6,盤後
3917,2024/5/6,一般
3918,2024/5/7,盤後
3919,2024/5/7,一般
3920,2024/5/8,盤後
3921,2024/5/9,盤後
3922,2024/5/9,一般
3923,2024/5/10,盤後
3924,2024/5/10,一般
3925,2024/5/13,盤後
3926,2024/5/13,一般
3927,2024/5/14,盤後
3928,2024/5/14,一般
3929,2024/5/15,盤後
3930,2024/5/16,盤後
3931,2024/5/16,一般
3932,2024/5/17,盤後
3933,2024/5/17,一般
3934,2024/5/20,盤後
3935,2024/5/20,一般
3936,2024/5/21,盤後
3937,2024/5/21,一般
3938,2024/5/22,盤後
3939,2024/5/23,盤後
3940,2024/5/23,一般
3941,2024/5/24,盤後
3942,2024/5/24,一般
3943,2024/5/27,盤後
3944,2024/5/27,一般
3945,2024/5/28,盤後
3946,2024/5/28,一般
3947,2024/5/29,盤後
3948,2024/5/30,盤後
3949,2024/5/30,一般
3950,2024/5/31,盤後
3951,2024/5/31,一般
3952,2024/6/3,盤後
3953,2024/6/3,一般
3954,2024/6/4,盤後
3955,2024/6/4,一般
3956,2024/6/5,盤後
3957,2024/6/5,一般
3958,2024/6/6,盤後
3959,2024/6/6,一般
3960,2024/6/7,盤後
3961,2024/6/7,一般
3962,2024/6/11,盤後
3963,2024/6/11,一般
3964,2024/6/12,盤後
3965,2024/6/13,盤後
3966,2024/6/13,一般
3967,2024/6/14,盤後
3968,2024/6/14,一般
3969,2024/6/17,盤後
3970,2024/6/17,一般
3971,2024/6/18,盤後
3972,2024/6/18,一般
3973,2024/6/19,盤後
3974,2024/6/20,盤後
3975,2024/6/20,一般
3976,2024/6/21,盤後
3977,2024/6/21,一般
3978,2024/6/24,盤後
3979,2024/6/24,一般
3980,2024/6/25,盤後
3981,2024/6/25,一般
3982,2024/6/26,盤後
3983,2024/6/27,盤後
3984,2024/6/27,一般
3985,2024/6/28,盤後
3986,2024/6/28,一般
3987,2024/7/1,盤後
3988,2024/7/1,一般
3989,2024/7/2,盤後
3990,2024/7/2,一般
3991,2024/7/3,盤後
3992,2024/7/3,一般
3993,2024/7/4,盤後
3994,2024/7/4,一般
3995,2024/7/5,盤後
3996,2024/7/5,一般
3997,2024/7/8,盤後
3998,2024/7/8,一般
3999,2024/7/9,盤後
4000,2024/7/9,一般
4001,2024/7/10,盤後
4002,2024/7/11,盤後
4003,2024/7/11,一般
4004,2024/7/12,盤後
4005,2024/7/12,一般
4006,2024/7/15,盤後
4007,2024/7/15,一般
4008,2024/7/16,盤後
4009,2024/7/16,一般
4010,2024/7/17,盤後
4011,2024/7/18,盤後
4012,2024/7/18,一般
4013,2024/7/19,盤後
4014,2024/7/19,一般
4015,2024/7/22,盤後
4016,2024/7/22,一般
4017,2024/7/23,盤後
4018,2024/7/23,一般
4019,2024/7/26,盤後
4020,2024/7/29,盤後
4021,2024/7/29,一般
4022,2024/7/30,盤後
4023,2024/7/30,一般
4024,2024/7/31,盤後
4025,2024/8/1,盤後
4026,2024/8/1,一般
4027,2024/8/2,盤後
4028,2024/8/2,一般
4029,2024/8/5,盤後
4030,2024/8/5,一般
4031,2024/8/6,盤後
4032,2024/8/6,一般
4033,2024/8/7,盤後
4034,2024/8/7,一般
4035,2024/8/8,盤後
4036,2024/8/8,一般
4037,2024/8/9,盤後
4038,2024/8/9,一般
4039,2024/8/12,盤後
4040,2024/8/12,一般
4041,2024/8/13,盤後
4042,2024/8/13,一般
4043,2024/8/14,盤後
4044,2024/8/15,盤後
4045,2024/8/15,一般
4046,2024/8/16,盤後
4047,2024/8/16,一般
4048,2024/8/19,盤後
4049,2024/8/19,一般
4050,2024/8/20,盤後
4051,2024/8/20,一般
4052,2024/8/21,盤後
4053,2024/8/22,盤後
4054,2024/8/22,一般
4055,2024/8/23,盤後
4056,2024/8/23,一般
4057,2024/8/26,盤後
4058,2024/8/26,一般
4059,2024/8/27,盤後
4060,2024/8/27,一般
4061,2024/8/28,盤後
4062,2024/8/29,盤後
4063,2024/8/29,一般
4064,2024/8/30,盤後
4065,2024/8/30,一般
4066,2024/9/2,盤後
4067,2024/9/2,一般
4068,2024/9/3,盤後
4069,2024/9/3,一般
4070,2024/9/4,盤後
4071,2024/9/4,一般
4072,2024/9/5,盤後
4073,2024/9/5,一般
4074,2024/9/6,盤後
4075,2024/9/6,一般
4076,2024/9/9,盤後
4077,2024/9/9,一般
4078,2024/9/10,盤後
4079,2024/9/10,一般
4080,2024/9/11,盤後
4081,2024/9/12,盤後
4082,2024/9/12,一般
4083,2024/9/13,盤後
4084,2024/9/13,一般
4085,2024/9/16,盤後
4086,2024/9/16,一般
4087,2024/9/18,盤後
4088,2024/9/19,盤後
4089,2024/9/19,一般
4090,2024/9/20,盤後
4091,2024/9/20,一般
4092,2024/9/23,盤後
4093,2024/9/23,一般
4094,2024/9/24,盤後
4095,2024/9/24,一般
4096,2024/9/25,盤後
4097,2024/9/26,盤後
4098,2024/9/26,一般
4099,2024/9/27,盤後
4100,2024/9/27,一般
4101,2024/9/30,盤後
4102,2024/9/30,一般
4103,2024/10/1,盤後
4104,2024/10/1,一般
4105,2024/10/4,盤後
4106,2024/10/4,一般
4107,2024/10/7,盤後
4108,2024/10/7,一般
4109,2024/10/8,盤後
4110,2024/10/8,一般
4111,2024/10/9,盤後
4112,2024/10/11,盤後
4113,2024/10/11,一般
4114,2024/10/14,盤後
4115,2024/10/14,一般
4116,2024/10/15,盤後
4117,2024/10/15,一般
4118,2024/10/16,盤後
4119,2024/10/17,盤後
4120,2024/10/17,一般
4121,2024/10/18,盤後
4122,2024/10/18,一般
4123,2024/10/21,盤後
4124,2024/10/21,一般
4125,2024/10/22,盤後
4126,2024/10/22,一般
4127,2024/10/23,盤後
4128,2024/10/24,盤後
4129,2024/10/24,一般
4130,2024/10/25,盤後
4131,2024/10/25,一般
4132,2024/10/28,盤後
4133,2024/10/28,一般
4134,2024/10/29,盤後
4135,2024/10/29,一般
4136,2024/10/30,盤後
4137,2024/11/1,盤後
4138,2024/11/1,一般
4139,2024/11/4,盤後
4140,2024/11/4,一般
4141,2024/11/5,盤後
4142,2024/11/5,一般
4143,2024/11/6,盤後
4144,2024/11/6,一般
4145,2024/11/7,盤後
4146,2024/11/7,一般
4147,2024/11/8,盤後
4148,2024/11/8,一般
4149,2024/11/11,盤後
4150,2024/11/11,一般
4151,2024/11/12,盤後
4152,2024/11/12,一般
4153,2024/11/13,盤後
4154,2024/11/14,盤後
4155,2024/11/14,一般
4156,2024/11/15,盤後
4157,2024/11/15,一般
4158,2024/11/18,盤後
4159,2024/11/18,一般
4160,2024/11/19,盤後
4161,2024/11/19,一般
4162,2024/11/20,盤後
4163,2024/11/21,盤後
4164,2024/11/21,一般
4165,2024/11/22,盤後
4166,2024/11/22,一般
4167,2024/11/25,盤後
4168,2024/11/25,一般
4169,2024/11/26,盤後
4170,2024/11/26,一般
4171,2024/11/27,盤後
4172,2024/11/28,盤後
4173,2024/11/28,一般
4174,2024/11/29,盤後
4175,2024/11/29,一般
4176,2024/12/2,盤後
4177,2024/12/2,一般
4178,2024/12/3,盤後
4179,2024/12/3,一般
4180,2024/12/4,盤後
4181,2024/12/4,一般
4182,2024/12/5,盤後
4183,2024/12/5,一般
4184,2024/12/6,盤後
4185,2024/12/6,一般
4186,2024/12/9,盤後
4187,2024/12/9,一般
4188,2024/12/10,盤後
4189,2024/12/10,一般
4190,2024/12/11,盤後
4191,2024/12/12,盤後
4192,2024/12/12,一般
4193,2024/12/13,盤後
4194,2024/12/13,一般
4195,2024/12/16,盤後
4196,2024/12/16,一般
4197,2024/12/17,盤後
4198,2024/12/17,一般
4199,2024/12/18,盤後
4200,2024/12/19,盤後
4201,2024/12/19,一般
4202,2024/12/20,盤後
4203,2024/12/20,一般
4204,2024/12/23,盤後
4205,2024/12/23,一般
4206,2024/12/24,盤後
4207,2024/12/24,一般
4208,2024/12/25,盤後
4209,2024/12/26,盤後
4210,2024/12/26,一般
4211,2024/12/27,盤後
4212,2024/12/27,一般
4213,2024/12/30,盤後
4214,2024/12/30,一般
4215,2024/12/31,盤後
4216,2024/12/31,一般
